SquadCode,Squad,Nombre,e-mail
eComm-Conv,VF.ES Convergent Offer (Fenix),Bel‚n Cabezas,belen.cabezas@vodafone.com
eComm-Conv,VF.ES Convergent Offer (Fenix),Nuria Garc¡a-Nieto,ngarci92@corp.vodafone.es
eComm-Conv,VF.ES Convergent Offer (Fenix),Hugo Zapatero,hugo.zapatero@fullsix.com
eComm-Conv,VF.ES Convergent Offer (Fenix),Mar¡a µngeles Peinado,mpeinad6@corp.vodafone.es
eComm-Conv,VF.ES Convergent Offer (Fenix),Rom n P‚rez Fern ndez,rperezfg@corp.vodafone.es
eComm-Conv,VF.ES Convergent Offer (Fenix),Alba Fern ndez,afern183@corp.vodafone.es
eComm-Conv,VF.ES Convergent Offer (Fenix),Manuel Blanco ,manuel.blanco1@vodafone.com
eComm-Conv,VF.ES Convergent Offer (Fenix),Cristina Ariasÿ , cristina.arias@vodafone.com
eComm-Conv,VF.ES Convergent Offer (Fenix),Javier Mart¡nez de la Casa Rodr¡guez ,javier.martinez@flat101.es
eComm-Conv,VF.ES Convergent Offer (Fenix),Rebeca Escobar,rebeca.escobar@fullsix.com 
eComm-Mobile,VF.ES Mobile Offer (Dyna),Pablo Fresnoÿ ,pablo.fresno@vodafone.com
eComm-Mobile,VF.ES Mobile Offer (Dyna),Mar¡a µngeles Peinado,mpeinad6@corp.vodafone.es
eComm-Mobile,VF.ES Mobile Offer (Dyna),Cristina Ariasÿ , cristina.arias@vodafone.com
eComm-Mobile,VF.ES Mobile Offer (Dyna),Barbara Carcangiu,bcarcan@corp.vodafone.esÿ
eComm-Mobile,VF.ES Mobile Offer (Dyna),Beatriz Rubio,brubiom2@corp.vodafone.es
eComm-Mobile,VF.ES Mobile Offer (Dyna),Sandra Rivera,sriver12@corp.vodafone.es
eComm-Mobile,VF.ES Mobile Offer (Dyna),Tatiana Frutos , tfrutos@corp.vodafone.es
eComm-Mobile,VF.ES Mobile Offer (Dyna),Olga Serrano,oserrane@corp.vodafone.es
eComm-Mobile,VF.ES Mobile Offer (Dyna),Rebeca Benvenga,rbenven@corp.vodafone.es
eComm-Mobile,VF.ES Mobile Offer (Dyna),Maria Vicu¤a,maria.vicuna@vodafone.com
eComm-Mobile,VF.ES Mobile Offer (Dyna),Javier Arauzÿ ,franciscojavier.arauz@vodafone.com
eComm-Mobile,VF.ES Mobile Offer (Dyna),Jos‚ Lasso ,jlassol@corp.vodafone.es
eComm-Mobile,VF.ES Mobile Offer (Dyna),Manuel Blanco,manuel.blanco1@vodafone.com
CMS,CMS Evolution,µngel Gallo,angel.gallo@vodafone.com
CMS,CMS Evolution,Miguel Garc¡a,miguel.garcia@vodafone.com
CMS,CMS Evolution,Alicia Trigos,atrigos2@corp.vodafone.es
CMS,CMS Evolution,Vicente Perez,vperezf@minsait.com
CMS,CMS Evolution,Ivan Nikul¡n,inikuli@corp.vodafone.es
CMS,CMS Evolution,V¡ctor Mart¡n Rodriguez,vmrodri1@corp.vodafone.es
CMS,CMS Evolution,Gonzalo Cruz Benitez,gcruzbe@corp.vodafone.es
EBU-Design,EBU Design,Andrea Sol¡s,andrea-estibaliz.solis@vodafone.com
EBU-Design,EBU Design,Rocio Rodr¡guez,rrgarci8@corp.vodafone.es
EBU-Design,EBU Design,Megan Pfeiffer,mpfeiff@corp.vodafone.es
EBU-Design,EBU Design,Pedro Rubio,prubioc@corp.vodafone.es
EBU-Design,EBU Design,Ana Mar¡a Gutierrez,aguti119@corp.vodafone.es
EBU-Design,EBU Design,Javier Fern ndez,jfern177@corp.vodafone.es
EBU-Design,EBU Design,Teresa Tolsada,ttolsada@corp.vodafone.es
Digital-Marketing,Digital Marketing,Carolina Franco,carolina.franco@vodafone.com
Digital-Marketing,Digital Marketing,Adela Simo,adela.simo@isobar.com
Digital-Marketing,Digital Marketing,Jos‚ Lasso ,jlassol@corp.vodafone.es
Digital-Marketing,Digital Marketing,Manuel Blanco,manuel.blanco1@vodafone.com
Digital-Marketing,Digital Marketing,David Llamazares,david.llamazares@vodafone.com
Digital-Marketing,Digital Marketing,Adrian de Pablo,Adrian.DePablo@wink.es
Digital-Marketing,Digital Marketing,Tatiana Korrel,tkorrel@corp.vodafone.es
Digital-Marketing,Digital Marketing,Daniel Arias,Daniel.Arias@isobar.com
Digital-Marketing,Digital Marketing,Maria Vicu¤a,maria.vicuna@vodafone.com
Digital-Marketing,Digital Marketing,Beatriz Garcia,beatriz.garcia1@vodafone.com
Digital-Marketing,Digital Marketing,Sara L¢pez,sara.lopez@vodafone.com
Dest-Moviles,Destiny Planes M¢viles,Susana S nchez,susana.sanchez1@vodafone.com
Dest-Moviles,Destiny Planes M¢viles,Gonzalo Blanco,gonzalo.blanco@vodafone.com
Dest-Moviles,Destiny Planes M¢viles,Eduardo µlvaro,eduardo.alvaro@vodafone.com
Dest-Moviles,Destiny Planes M¢viles,Jesus Ortega,Jesus.ortega@vodafone.com
Dest-Moviles,Destiny Planes M¢viles,Eukeni Valle,eukeni.valle@vodafone.com
Dest-Moviles,Destiny Planes M¢viles,Jos‚ No‚ Ruiz Maroto,jruizmat@corp.vodafone.es
Dest-Moviles,Destiny Planes M¢viles,Laura Piris,laura.piris@vodafone.com
Dest-Moviles,Destiny Planes M¢viles,Sergio Garcia,sgcorch2@corp.vodafone.es
Dest-Moviles,Destiny Planes M¢viles,Fernando Casas ,fernando.casas@vodafone.com
Dest-Moviles,Destiny Planes M¢viles,Javier Rubio,javier.rubio3@vodafone.com
Dest-Moviles,Destiny Planes M¢viles,Eloy Parejo Ca¤ada,eparejo2@corp.vodafone.es
Dest-Moviles,Destiny Planes M¢viles,Julia Ruiz,julia.ruiz@vodafone.com
Dest-Moviles,Destiny Planes M¢viles,Alba Indriago,dpajare3@corp.vodafone.es
Dest-Moviles,Destiny Planes M¢viles,Borja Conde,bcondeh2@corp.vodafone.es
Dest-Moviles,Destiny Planes M¢viles,Jose Carlos Rodriguez,jrdelsa1@corp.vodafone.es
Dest-Moviles,Destiny Planes M¢viles,David Castrillo,dcastri7@corp.vodafone.es
Dest-Moviles,Destiny Planes M¢viles,àscar Bravo,obravov5@corp.vodafone.es
Dest-Moviles,Destiny Planes M¢viles,Sergio Gutierrez,sergio.gutierrez@vodafone.com
Dest-Moviles,Destiny Planes M¢viles,Ra£l Garc¡aÿ,rgalvar6@corp.vodafone.es
Dest-Moviles,Destiny Planes M¢viles,Rom n P‚rez,rperezgn@corp.vodafone.es
Dest-Moviles,Destiny Planes M¢viles,David Salazar,dsalazaz@corp.vodafone.es
Dest-Moviles,Destiny Planes M¢viles,Adri n Gonz lez,aggarciz@corp.vodafone.es
Dest-Convergente,Destiny Convergente,Mar¡a Fern ndez,maria.gutierrez@vodafone.com
Dest-Convergente,Destiny Convergente,Susana S nchez,susana.sanchez1@vodafone.com
Dest-Convergente,Destiny Convergente,Eduardo µlvaro,eduardo.alvaro@vodafone.com
Dest-Convergente,Destiny Convergente,Jesus Ortega,Jesus.ortega@vodafone.com
Dest-Convergente,Destiny Convergente,Cristina Dur n,cduranr1@corp.vodafone.es
Dest-Convergente,Destiny Convergente,Eukeni Valle,eukeni.valle@vodafone.com
Dest-Convergente,Destiny Convergente,Laura Piris,laura.piris@vodafone.com
Dest-Convergente,Destiny Convergente,Fernando Casas ,fernando.casas@vodafone.com
Dest-Convergente,Destiny Convergente,  Alba Indriago,aindria@corp.vodafone.es
Dest-Convergente,Destiny Convergente,Javier Rubio,javier.rubio3@vodafone.com
Dest-Convergente,Destiny Convergente,àscar Zurr¢n,ozurron@corp.vodafone.es
Dest-Convergente,Destiny Convergente,Lailani Cruz,mcruzso1@corp.vodafone.es
Dest-Convergente,Destiny Convergente,Hugo Astilleros S nchez ,hastill@corp.vodafone.es
Dest-Convergente,Destiny Convergente,Daniel Garc¡a Mart¡n,dgarc157@corp.vodafone.es
Dest-Convergente,Destiny Convergente,Andr‚s Carillo Fernandez,acarrils@corp.vodafone.es
Dest-Convergente,Destiny Convergente,David Sanchez,david.sanchez3@vodafone.com
Dest-Convergente,Destiny Convergente,Carlos Dominguez,cdomin31@corp.vodafone.es
Dest-Convergente,Destiny Convergente,Juan Jes£s Matoÿ,jmatoto@corp.vodafone.es
Dest-Convergente,Destiny Convergente,Iris del µlamo,iris.delalamo1@vodafone.com
Dest-Convergente,Destiny Convergente,Fernando Prado,fpradob1@corp.vodafone.es
Dest-Convergente,Destiny Convergente,Sergio Garcia,sgcorch2@corp.vodafone.es
BIT,Vodafone YU,Alejandra Ruiz,alejandra.ruiz@vodafone.com
BIT,Vodafone YU,Oscar Martin,oscar.martin@vodafone.com
BIT,Vodafone YU,Victor Sacristan,victor.sacristan@vodafone.com
BIT,Vodafone YU,Jorge Mu¤oz,jorge.munoz1@vodafone.com
BIT,Vodafone YU,Daniel Ferreira,dferrei9@corp.vodafone.com
BIT,Vodafone YU,Maria del Valle Naranjo,mariadelvalle.naranjo@vodafone.com
BIT,Vodafone YU,Ricardo Bautista,ricardo.bautista1@vodafone.com
BIT,Vodafone YU,M¢nica Jim‚nez,monica.jimenez@vodafone.com
BIT,Vodafone YU,Miguel Angel Jimenez,mjime127@corp.vodafone.es
BIT,Vodafone YU,Alejandro Naranjo,anaranjs@corp.vodafone.es
BIT,Vodafone YU,David Martin,dmart132@corp.vodafone.es
BIT,Vodafone YU,David Ballesteros,dballesr@corp.vodafone.es
BIT,Vodafone YU,Juan Triguero,jtrigue8@corp.vodafone.es
BIT,Vodafone YU,Alejandro Ledo Bordello,aledobo@corp.vodafone.es
BIT,Vodafone YU,Rafael Marquez Pinilla,rmarqu22@corp.vodafone.es
BIT,Vodafone YU,Lucio Alvarez Sanchez Crespo,lalvar88@corp.vodafone.es
BIT,Vodafone YU,Lara Ramos,lramosp4@corp.vodafone.es
BIT,Vodafone YU,Elena Jimenez,ejime107@corp.vodafone.es
BIT,Vodafone YU,Daniel Ortego,dortego4@corp.vodafone.es
BIT,Vodafone YU,Jose Ram¢n Coto,joseramon.coto@vodafone.com
BIT,Vodafone YU,David Casarrubios,dcasarr3@corp.vodafone.es
BIT,Vodafone YU,Laura Piris,laura.piris@vodafone.com
Walle,BOTs,Daniel Olivas,daniel.olivas@vodafone.com
Walle,BOTs,David Rodr¡guez,david.rodriguez2@vodafone.com
Walle,BOTs,Fran Espinar,francisco.espinar@vodafone.com
Walle,BOTs,Espe Grandes,esperanza.grandes@vodafone.com
Walle,BOTs,Carmen de la Torre,carmen.delatorre@vodafone.com
Walle,BOTs,Miguel de la Plaza,mdelapl5@corp.vodafone.es
Walle,BOTs,Indira P‚rez,iperezf6@corp.vodafone.es
Walle,BOTs,Ricardo B rzano,ricardo.barzano@vodafone.com
Walle,BOTs,Mario Alonso,malon110@corp.vodafone.es
Walle,BOTs,Alex S nchez,asanc105@corp.vodafone.es
Walle,BOTs,Javier Laguna,jlagunaa@corp.vodafone.es
Walle,BOTs,Carmen Raposo,craposo1@corp.vodafone.es
Walle,BOTs,Gorka Garc¡a,ggarc111@corp.vodafone.es
Walle,BOTs,Sergio Martinez Infante,smart118@corp.vodafone.es
Walle,BOTs,Fanny Riera,erierat@corp.vodafone.es
Walle,BOTs,M¢nica Mateo,monica.mateo@vodafone.com
Walle,BOTs,Tamara Saavedra Pascual,tsaaved@corp.vodafone.es
Walle,BOTs,Miguel Angel Perez Ariza,mpere168@corp.vodafone.es
Walle,BOTs,Mar¡a de Gracia Carri¢n Delgado,mcarriom@corp.vodafone.es
Walle,BOTs,Pilar Pino Zaballos,ppinoza@corp.vodafone.es
Walle,BOTs,Marta Romano,marta.romano@vodafone.com
Walle,BOTs,Alberto Jim‚nez,ajime128@corp.vodafone.es
Walle,BOTs,Beatriz Vicente,bvicent@corp.vodafone.es
Walle,BOTs,Daniel David Rodr¡guez Mu¤oz,drodr166@corp.vodafone.es
Walle,BOTs,Laura Cutillas,lcutill@corp.vodafone.es
Help-Support,Help & Support,Alba Alonso Balb s,aalon117@corp.vodafone.es
Help-Support,Help & Support,Alejandra Centeno Fern ndez,acentenh@corp.vodafone.es
Help-Support,Help & Support,Pablo Corredera Gal n,pcorred6@corp.vodafone.es
Help-Support,Help & Support,Ainhoa L¢pez Pulla,alpulla1@corp.vodafone.es
Help-Support,Help & Support,µlvaro Garc¡a Gonz lez,aggonz53@corp.vodafone.es
Help-Support,Help & Support,Paula P‚rez Cogolludo,pperezc5@corp.vodafone.es
Help-Support,Help & Support,David Moreno Garc¡a,dmoren85@corp.vodafone.es
Help-Support,Help & Support,Pablo Beca,pbcamo@corp.vodafone.es
Help-Support,Help & Support,Irene Gregorio Sierra,igregor@corp.vodafone.es
Help-Support,Help & Support,Carlos Moral,cmoralc@corp.vodafone.es
Help-Support,Help & Support,Andrea Jim‚nez,ajime140@corp.vodafone.es
Help-Support,Help & Support,Isabel Otero,moteroc1@corp.vodafone.es
Help-Support,Help & Support,Mar¡a de la Cruz Mansilla Rodr¡guez,maricruz.mansilla@vodafone.com
Help-Support,Help & Support,Francisco Jes£s Espinar Galiano,francisco.espinar@vodafone.com
Help-Support,Help & Support,Roger Pascual Jodar,roger.jodar@vodafone.com
Help-Support,Help & Support,Consuelo Navarrete D¡az,consuelo.navarrete@vodafone.com
Voice-Bot,Voice Bot,Ruth Martin,ruth.martin@vodafone.com
Voice-Bot,Voice Bot,Fernando Zaballos,fernando.zaballos@vodafone.com
Voice-Bot,Voice Bot,Antonio Soria,antonio.soria@vodafone.com
Voice-Bot,Voice Bot,Ape Navarro,apelino.navarro@vodafone.com
Voice-Bot,Voice Bot,Eva Redondo,eva-maria.redondo@vodafone.com
Voice-Bot,Voice Bot,Alfonso Cano,alfonso.cano@vodafone.com
Voice-Bot,Voice Bot,Elena Gonz lez,elena.gonzalez4@vodafone.com
Voice-Bot,Voice Bot,Ana I. Hern ndez,ana-isabel.hernandez@vodafone.com
Voice-Bot,Voice Bot,Daniel Facio,daniel.facio@garajedeideas.com
Voice-Bot,Voice Bot,Ver¢nica Alfaro,veronica.alfaro@fonetic.com
Voice-Bot,Voice Bot,Alvaro Sigenza,alvaro.siguenza@fonetic.com
Voice-Bot,Voice Bot,Juan Rueda,juan.rueda_villanua@nokia.com
Voice-Bot,Voice Bot,Andr‚s Gaudioso,andres.gaudioso_vazquez@nokia.com
Voice-Bot,Voice Bot,Marta Mazar¡o,marta.mazario@vodafone.com
MVCJ,Mi VF CX Journeys,Chelo Salmer¢n,chelo.salmeron@vodafone.com
MVCJ,Mi VF CX Journeys,Jorge Martin,jorge.martin@vodafone.com
MVCJ,Mi VF CX Journeys,Pedro Pina,pedro.pina@vodafone.com
MVCJ,Mi VF CX Journeys,Isabel Otero,iotero@merkleinc.com 
MVCJ,Mi VF CX Journeys,Miguel Martinez,miguel.martinez3@vodafone.com
MVCJ,Mi VF CX Journeys,Ernesto Sanchez,esanc138@corp.vodafone.es 
MVCJ,Mi VF CX Journeys,Ismael Quijada,ismael.quijada@vodafone.com
MVCJ,Mi VF CX Journeys,Alberto Mozo,alberto.mozo@vodafone.com
MVCJ,Mi VF CX Journeys,Alberto Madera,alberto.madera@vodafone.com
MVCJ,Mi VF CX Journeys,Alberto Garc¡a,alberto.garciamunoz@vodafone.com
MVCJ,Mi VF CX Journeys,Ivan µlvarez,ialvar66@corp.vodafone.es
MVCJ,Mi VF CX Journeys,Manuel Valls,manuel.valls@vodafone.com
MVCJ,Mi VF CX Journeys,Maria del Valle Naranjo,mariadelvalle.naranjo@vodafone.com
EDC,Enterprise Digital CARE,Rafael Barca,rafael.barca@vodafone.com
EDC,Enterprise Digital CARE,Rocio Pedraz,rocio.pedraz@vodafone.com
EDC,Enterprise Digital CARE,Soledad Garcia,soledad.garcia@vodafone.com
EDC,Enterprise Digital CARE,Maya Pingarr¢n,mayagracia.pingarron@vodafone.com
EDC,Enterprise Digital CARE,Cristina Carreras,cristina.carreras@vodafone.com
EDC,Enterprise Digital CARE,Carmen Cuesta,carmen.cuesta@vodafone.com
EDC,Enterprise Digital CARE,Susana Cid,susana.cid@vodafone.com
EDC,Enterprise Digital CARE,Daniel Mart¡nez,daniel.martinez@vodafone.com 
EDC,Enterprise Digital CARE,Cristina Fern ndez,cfarrib1@corp.vodafone.es
EDC,Enterprise Digital CARE,Cristina Rodr¡guez,cryuste@corp.vodafone.es
EDC,Enterprise Digital CARE,Juan Carlos Tarifa,jtarifa@corp.vodafone.es
EDC,Enterprise Digital CARE,Carlos Alcaide,calcaid5@corp.vodafone.es
EDC,Enterprise Digital CARE,Monica Mateo,monica.mateo@vodafone.com
EDC,Enterprise Digital CARE,Jose Mar¡a Tello,jtellor1@corp.vodafone.es
EDC,Enterprise Digital CARE,Ignacio Alcazar,ialcaza5@corp.vodafone.es
EDC,Enterprise Digital CARE,Rafael Rios,rriosal1@corp.vodafone.es
EDC,Enterprise Digital CARE,Daniel Ord¢¤ez,dordone7@corp.vodafone.es
EDC,Enterprise Digital CARE,Emilio Manuel P‚rez,eperezsp@corp.vodafone.es
EDC,Enterprise Digital CARE,Daniel Ortego,dortego4@corp.vodafone.es
EDC,Enterprise Digital CARE,Alberto Cogolludo,acogoll4@corp.vodafone.es
EDC,Enterprise Digital CARE,Concha Yravedra,myraved@corp.vodafone.es
EDC,Enterprise Digital CARE,Alberto Mayenco,amayenc@corp.vodafone.es
EDC,Enterprise Digital CARE,Laura Mart¡n N£¤ez,lmart121@corp.vodafone.es
EDC,Enterprise Digital CARE,Veronica Santana,vsantan7@corp.vodafone.es
EDC,Enterprise Digital CARE,Bel‚n Fern ndez Santos,bfern110@corp.vodafone.es
EDC,Enterprise Digital CARE,Cecilia de Jorge,cdejorg@corp.vodafone.es
EDC,Enterprise Digital CARE,Iv n de la Torre,idelato1@corp.vodafone.es
EDC,Enterprise Digital CARE,Iv n de Paz,ivan.depaz@vodafone.com
EDC,Enterprise Digital CARE,Sergio Fern ndez,sergio.fernandez1@vodafone.com
EDC,Enterprise Digital CARE,Victor Alvarez,valvar52@corp.vodafone.es
EDC,Enterprise Digital CARE,Dario Salom¢n,asalomo2@corp.vodafone.es
Feedback,Mi VF APP Customer Feedback ,Susana Ochoa,susana.ochoa@vodafone.com
Feedback,Mi VF APP Customer Feedback ,In‚s Alejandro,ines.alejandro@vodafone.com
MiVF-Onboarding,Mi VF APP (Onboarding),Aly Fathy,aly.fathy@vodafone.com
Feedback,Mi VF APP Customer Feedback ,David Lago,dlagoal@corp.vodafone.es
Feedback,Mi VF APP Customer Feedback ,Alberto Fern ndez  (necesitamos 100%),alberto.fernandez@vodafone.com
Feedback,Mi VF APP Customer Feedback ,Jaime Canales (OK 50%),jcanaleb@corp.vodafone.es
Feedback,Mi VF APP Customer Feedback ,Maite Antolin (OK 50%),mantolid@corp.vodafone.es
Feedback,Mi VF APP Customer Feedback ,Clara Saiz,clara.saiz@vodafone.com
Feedback,Mi VF APP Customer Feedback ,Marius Circiu,marius.circiu@vodafone.com
Feedback,Mi VF APP Customer Feedback ,Jes£s Hernando,jhern155@corp.vodafone.es
Feedback,Mi VF APP Customer Feedback ,Alicia Gracia,agraci10@corp.vodafone.es
Feedback,Mi VF APP Customer Feedback ,Gehad Ahmed Taha,gehad.abdelaziz1@vodafone.com
Feedback,Mi VF APP Customer Feedback ,Alaa Ali Kortoma,alaa.korotma@vodafone.com
Feedback,Mi VF APP Customer Feedback ,Mohamed Oshiba,mohamed.oshiba@vodafone.com
Feedback,Mi VF APP Customer Feedback ,Merna Ismail Hamada,Merna.hamada1@vodafone.com
Feedback,Mi VF APP Customer Feedback ,Summar Gaber,samar.gaber2@vodafone.com
Feedback,Mi VF APP Customer Feedback ,Mina Dawood,mina.dawood1@vodafone.com
Feedback,Mi VF APP Customer Feedback ,Omnia Mohamed Elmasry Mohamed Maher,omnia.maher1@vodafone.com
Feedback,Mi VF APP Customer Feedback ,Youmna ElGhayesh,youmna.elghayesh2@vodafone.com
Feedback,Mi VF APP Customer Feedback ,Ahmed Yousry,ahmed.shoukry2@vodafone.com
Feedback,Mi VF APP Customer Feedback ,Tarek Ahmed,tarek.elneklawy@vodafone.com
Feedback,Mi VF APP Customer Feedback ,Shaimaa ElBazidy,shaimaa.elbazidy@vodafone.com
Feedback,Mi VF APP Customer Feedback ,Hossam Nashaat,hossam.nashaat1@vodafone.com
Feedback,Mi VF APP Customer Feedback ,Rehab Arafa,rehab.arafa2@vodafone.com
Feedback,Mi VF APP Customer Feedback ,Sarah El-Deib,sarah.eldeib1@vodafone.com
Feedback,Mi VF APP Customer Feedback ,Sayed Fathy,sayed.fathy@vodafone.com
Feedback,Mi VF APP Customer Feedback ,Moataz Salem,moataz.salem@vodafone.com
Feedback,Mi VF APP Customer Feedback ,Marian,marian.younan@vodafone.com
Pred-Care,Mi VF APP Predictive Care,Samanta Martinez,samanta.martinez@vodafone.com
Pred-Care,Mi VF APP Predictive Care,Raquel Mena,raquel.mena@vodafone.com
Pred-Care,Mi VF APP Predictive Care,Cesar Valencia,cesar.valencia@vodafone.com
Pred-Care,Mi VF APP Predictive Care,Jaime Canales,jcanaleb@corp.vodafone.es
Pred-Care,Mi VF APP Predictive Care,Maite Antolin,mantolid@corp.vodafone.es
Pred-Care,Mi VF APP Predictive Care,Clara Saiz,clara.saiz@vodafone.com
Pred-Care,Mi VF APP Predictive Care,Marius Circiu,marius.circiu@vodafone.com
Pred-Care,Mi VF APP Predictive Care,Alicia Gracia,agraci10@corp.vodafone.es
Pred-Care,Mi VF APP Predictive Care,Ines Alejandro,ines.alejandro@vodafone.com
MiVF-Onboarding,Mi VF APP (Onboarding),Hend Hassan El Wakil,hend.hassan1@vodafone.com
Pred-Care,Mi VF APP Predictive Care,Khaled-Selim Ahmed,ahmed.selim7@vodafone.com
Pred-Care,Mi VF APP Predictive Care,Jan George Saad,jan.saad1@vodafone.com
Pred-Care,Mi VF APP Predictive Care,Mohamed Hassan Abulazm,mohamed.abuelazm@vodafone.com
Pred-Care,Mi VF APP Predictive Care,Huda,huda.abdelraouf@vodafone.com
Pred-Care,Mi VF APP Predictive Care,Adel Amr,adel.adel@vodafone.com
Pred-Care,Mi VF APP Predictive Care,Kabbash Ahmed,ahmed.kabbash2@vodafone.com
Pred-Care,Mi VF APP Predictive Care,Dina Ashraf Elsayed,dina.elsayed1@vodafone.com
Pred-Care,Mi VF APP Predictive Care,ElSebai Shereen,shireen.magdy1@vodafone.com
Pred-Care,Mi VF APP Predictive Care,Samir-Tawfik Mostafa,Mostafa.samir1@vodafone.com
Pred-Care,Mi VF APP Predictive Care,Adel Ali,ali.adel@vodafone.com
Pred-Care,Mi VF APP Predictive Care,Mostafa Ebrahim,ebrahim.mostafa@vodafone.com
Pred-Care,Mi VF APP Predictive Care,Milad Raouf,milad.raouf1@vodafone.com
Pred-Care,Mi VF APP Predictive Care,Rehab Arafa,rehab.arafa2@vodafone.com
Pred-Care,Mi VF APP Predictive Care,Sarah El-Deib,sarah.eldeib1@vodafone.com
Pred-Care,Mi VF APP Predictive Care,Sayed Fathy,sayed.fathy@vodafone.com
Pred-Care,Mi VF APP Predictive Care,Moataz Salem,moataz.salem@vodafone.com
Pred-Care,Mi VF APP Predictive Care,Marian,marian.younan@vodafone.com
Ecosistema-IKKI,Ecosistema IKKI,Valentyna Melnyk,valentyna.melnyk@vodafone.com
MiVF-Onboarding,Mi VF APP (Onboarding),Olga Calvo,olga.calvo@vodafone.com
MiVF-Onboarding,Mi VF APP (Onboarding),Pedro Pina,pedro.pina@vodafone.com
MiVF-Onboarding,Mi VF APP (Onboarding),Jorge Martin,jorge.martin@vodafone.com
MiVF-Onboarding,Mi VF APP (Onboarding),Miguel Martinez,miguel.martinez@vodafone.com
MiVF-Onboarding,Mi VF APP (Onboarding),Ernesto Sanchez,esanc138@corp.vodafone.es
MiVF-Onboarding,Mi VF APP (Onboarding),Clara Saiz,clara.saiz@vodafone.com
MiVF-Onboarding,Mi VF APP (Onboarding),Marius Circiu,marius.circiu@vodafone.com
MiVF-Onboarding,Mi VF APP (Onboarding),Alicia Gracia,agraci10@corp.vodafone.es
MiVF-Onboarding,Mi VF APP (Onboarding),Ahmed Mohsen,ahmed.mohsen1@vodafone.com
MiVF-Onboarding,Mi VF APP (Onboarding),Rehab Arafa,rehab.arafa2@vodafone.com
MiVF-Onboarding,Mi VF APP (Onboarding),Sarah El-Deib,sarah.eldeib1@vodafone.com
MiVF-Onboarding,Mi VF APP (Onboarding),Sayed Fathy,sayed.fathy@vodafone.com
MiVF-Onboarding,Mi VF APP (Onboarding),Moataz Salem,moataz.salem@vodafone.com
MiVF-Onboarding,Mi VF APP (Onboarding),Marian,marian.younan@vodafone.com
P&S,Mi VF Products and services,Pilar Hidalgo,maria-pilar.hidalgo@vodafone.com
P&S,Mi VF Products and services,Lara Mateos,lara.mateos1@vodafone.com
P&S,Mi VF Products and services,Pilar Perez Carabias,pperezcj@corp.vodafone.es
P&S,Mi VF Products and services,Maite Antolin ,mantolid@corp.vodafone.es
P&S,Mi VF Products and services,Marta Hern ndez,marta.rodriguez3@vodafone.com
P&S,Mi VF Products and services,Andr‚s Bail‚n,andres.bailen1@vodafone.com
P&S,Mi VF Products and services,Gustavo Calvo,gustavo.calvo@vodafone.com
P&S,Mi VF Products and services,Irma Blanco,iblanc12@corp.vodafone.es
P&S,Mi VF Products and services,Nuria Fernandez,nferna75@corp.vodafone.es
P&S,Mi VF Products and services,Francisco Javier Due¤as,jduenas1@corp.vodafone.es
P&S,Mi VF Products and services,Maria del Valle Naranjo,mariadelvalle.naranjo@vodafone.com
P&S,Mi VF Products and services,Jorge Iglesias,jrigles1@corp.vodafone.es
P&S,Mi VF Products and services,Alberto Hern ndez,ahern100@corp.vodafone.es
P&S,Mi VF Products and services,Clara Saiz,clara.saiz@vodafone.com
SOHO,SOHO - Digital Agent,Sara L¢pez,sara.lopez@vodafone.com
App-Engagement,App Engagement,Jose Luis Alonso,joseluis.alonso@vodafone.com
App-Engagement,App Engagement,Petra Mar¡a Lucas,PETRA.LUCAS@VODAFONE.COM
App-Engagement,App Engagement,Juan Antonio Herrera,JUAN-ANTONIO.HERRERA@VODAFONE.COM
App-Engagement,App Engagement,Alberto Rom n,aromang1@corp.vodafone.es
Dest-Migra,Destiny migraci¢n,Antonio Chica,achicas@corp.vodafone.es
Dest-Migra,Destiny migraci¢n,Juan Jos‚ Cobo Jimenez,jcoboji1@corp.vodafone.es
Dest-Migra,Destiny migraci¢n,Antonio Luis L¢pez,alopezfs@corp.vodafone.es
Dest-Migra,Destiny migraci¢n,Javier Amo,jamooro@corp.vodafone.es
Dest-Migra,Destiny migraci¢n,Ruben S nchez,jsanc196@corp.vodafone.es
Dest-Migra,Destiny migraci¢n,Ra£l de la Monta¤a,rmart153@corp.vodafone.es
Dest-Migra,Destiny migraci¢n,Javier Moguel,jmoguel1@corp.vodafone.es
Dest-Migra,Destiny migraci¢n,Teresa Perez Gallo,teresa.perez.gallo.sa@everis.com
Dest-Migra,Destiny migraci¢n,Francisco Jos‚ Benito,franciscojose.benito@vodafone.com
Dest-Migra,Destiny migraci¢n,Ra£l Doblas,rdoblas@corp.vodafone.es
Dest-Migra,Destiny migraci¢n,F tima Garcia,fatima.garcia@vodafone.com
Dest-Migra,Destiny migraci¢n,Mario Gomez,mgomez139@corp.vodafone.es
Dest-Migra,Destiny migraci¢n,Fernando Lopez,flopezrb@corp.vodafone.es
Dest-Migra,Destiny migraci¢n,David Garcia Calvante,dgcalva1@corp.vodafone.es
Dest-Migra,Destiny migraci¢n,Jesus Alberto Sanchez,jsanc184@corp.vodafone.es
Dest-Migra,Destiny migraci¢n,Carlos Rodriguez,carlos.rodriguez8@vodafone.com
Dest-Migra,Destiny migraci¢n,µlvaro Allegue,aallegu@corp.vodafone.es
Dest-MVF,MI VF 10.0 ,Laura P‚rez,laura.perez3@vodafone.com
Dest-MVF,MI VF 10.0 ,Sara Matos,sara.matos@vodafone.com
Dest-MVF,MI VF 10.0 ,Noussair el Harrak,noussair.elharrak1@vodafone.com
Dest-MVF,MI VF 10.0 ,Ana cuesta,ANA.CUESTA@VODAFONE.COM
Dest-MVF,MI VF 10.0 ,Antonio Puerto,antonio.puerto@vodafone.com
Dest-MVF,MI VF 10.0 ,Eukeni Valle,eukeni.valle@vodafone.com
Dest-MVF,MI VF 10.0 ,Pedro Pardo,ppardog2@corp.vodafone.es
Dest-MVF,MI VF 10.0 ,Marcos Vega Garc¡a,mvegaga1@corp.vodafone.es
Dest-MVF,MI VF 10.0 ,Cristina Luque,cluquel2@corp.vodafone.es
Dest-MVF,MI VF 10.0 ,Kevin Aza¤on,kazanon@corp.vodafone.es
Dest-MVF,MI VF 10.0 ,Antonio Luis L¢pez,alopezfs@corp.vodafone.es
Dest-MVF,MI VF 10.0 ,Ana Isabel Fern ndez,afernad4@corp.vodafone.es
Dest-MVF,MI VF 10.0 ,Mar¡a Sabrina Mateo ,mmateop2@corp.vodafone.es
Dest-MVF,MI VF 10.0 ,Juan Diego Trujillo,jtrujilm@corp.vodafone.es
Dest-MVF,MI VF 10.0 ,Pablo µlvarez,palvar30@corp.vodafone.es
Dest-MVF,MI VF 10.0 ,Juan Gabriel Corrales Bodas,jcorra14@corp.vodafone.es
Dest-MVF,MI VF 10.0 ,Manuel Gutierrez Gutierrez,mguti127@corp.vodafone.es
Dest-Comercial,Destiny Commercial,Celia Herrera,cherre74@corp.vodafone.es
Dest-Comercial,Destiny Commercial,Ram¢n Gil,rgilrod@corp.vodafone.es
Dest-Comercial,Destiny Commercial,Rub‚n Freire,rfreire3@corp.vodafone.es
Dest-Comercial,Destiny Commercial,Diego Ramos Retamal,dramosra@corp.vodafone.es
Dest-Comercial,Destiny Commercial,Fernando Casas,fernando.casas@vodafone.com
Dest-Comercial,Destiny Commercial,Jorge Navarro,jnvazqu1@corp.vodafone.es
Dest-Comercial,Destiny Commercial,Luis Garrido,lgarridz@corp.vodafone.es
Dest-Comercial,Destiny Commercial,Pablo µlvarez,palvar30@corp.vodafone.es
Dest-Comercial,Destiny Commercial,Pedro Gonzalez,pgonza52@corp.vodafone.es
Dest-Comercial,Destiny Commercial,Victor Gallego,vgallegg@corp.vodafone.es
Dest-Comercial,Destiny Commercial,Mario Pueyo Lucas,mpueyol@corp.vodafone.es
Dest-Comercial,Destiny Commercial,David Rodr¡guez Garc¡a,david.rodriguez2@vodafone.com
Dest-Comercial,Destiny Commercial,Fernando Lopez,flopezrb@corp.vodafone.es
Dest-Comercial,Destiny Commercial,Javier Giner,jginera@corp.vodafone.es
Dest-Comercial,Destiny Commercial,Antonio Rodr¡guez,arodr252@corp.vodafone.es
Dest-Comercial,Destiny Commercial,Victor Berezo,victor.berezo@neoris.com
Dest-Comercial,Destiny Commercial,Virginia Martinez,victor.berezo@neoris.com
Dracarys,Dracarys,Lina de Sousa,ldesous1@corp.vodafone.es
Dracarys,Dracarys,Adriana Ortiz,aortizra@corp.vodafone.es
Dracarys,Dracarys,Nuria Garcia Perez de Ayala,ngperez3@corp.vodafone.es
Dracarys,Dracarys,Elena Viera,evierag@corp.vodafone.es
Dracarys,Dracarys,Estefania Moya,emoyaru@corp.vodafone.es
Dracarys,Dracarys,Isabel Von Berckheim,isabel.vonberckheim@vodafone.com
Dracarys,Dracarys,Aitor Rodr¡guez,arodr006@corp.vodafone.com
Dracarys,Dracarys,Yolanda Fern ndez,yolanda.fernandez@vodafone.com
Dracarys,Dracarys,Manuel G¢mez,mgomezsy@corp.vodafone.com
Dracarys,Dracarys,Adri n S nchez,asanc124@corp.vodafone.com
Dracarys,Dracarys,Daniel Colina,dcolina3@corp.vodafone.com
Dracarys,Dracarys,David Ateza Rubio,datezar@corp.vodafone.es
Dracarys,Dracarys,Victor Manuel Valle,vvalles2@corp.vodafone.es
Dracarys,Dracarys,Miguel Ponce Antolin,mponcea1@corp.vodafone.es
Dracarys,Dracarys,Sergio Torres,sergio.torres1@vodafone.com
Dracarys,Dracarys,Marta Asencio,marta.asencio@vodafone.com
Dracarys,Dracarys,Rafael M rquez,rmarqu16@corp.vodafone.com
Always-On-Customer,Always on Customer,Mario Mesonero ,mario.mesonero@vodafone.com
Always-On-Customer,Always on Customer,Cristina Sanchez ,cristina.sanchez@vodafone.com
Always-On-Customer,Always on Customer,Rafael Garc¡a,rafael.garcia8@vodafone.com
Always-On-Customer,Always on Customer,Miguel Ortega,miguel.ortega@vodafone.com
Always-On-Customer,Always on Customer,Marta Pastor,marta.pastor@vodafone.com
Always-On-Customer,Always on Customer,Yamill Canario,yamillmiguelina.canario@vodafone.com
Always-On-Customer,Always on Customer,I¤aki Ruiz,iruizac@corp.vodafone.es
Always-On-Customer,Always on Customer,Javier Gamarra,jgamarr3@corp.vodafone.es
Always-On-Customer,Always on Customer,Victor,vjuarez1@corp.vodafone.es
Always-On-Customer,Always on Customer,Javier,jcompte2@corp.vodafone.es
Always-On-Customer,Always on Customer,Abigail,acontr43@corp.vodafone.es
Always-On-Customer,Always on Customer,Raquel,rpauner@corp.vodafone.es
Always-On-Customer,Always on Customer,Ranjit Modhawadia,rmodhaw@corp.vodafone.es
Always-On-Customer,Always on Customer,Miguel Liebana,mlieban2@corp.vodafone.es
SOHO,SOHO - Digital Agent,Pablo Ramos,pablo.ramos@vodafone.com
SOHO,SOHO - Digital Agent,Antonio Ramos,antonioleandro.ramos@vodafone.com
SOHO,SOHO - Digital Agent,Alejandro Santamar¡a,alejandro.maria@vodafone.com
SOHO,SOHO - Digital Agent,Jos‚ Ignacio Pardo,jose.pardo1@vodafone.com
SOHO,SOHO - Digital Agent,Olga Revilla,olga.revilla@vodafone.com
ADC,ADC,Carlos Fidalgo,carlos.fidalgo@vodafone.com
ADC,ADC,Soledad Garc¡a,soledad.garcia@vodafone.com
ADC,ADC,Patricia Montolio,patricia.montolio@vodafone.com
ADC,ADC,Sergio Fern ndez,sergio.fernandez1@vodafone.com
ADC,ADC,Cristina Carreras,cristina.carreras@vodafone.com
ADC,ADC,Mar¡a Puig,maria.puig1@vodafone.com
ADC,ADC,Susana Cid,susana.cid@vodafone.com
ADC,ADC,Carmen Cuesta,carmen.cuesta@vodafone.com
ADC,ADC,Sergio S nchez-Camacho,sscapil1@corp.vodafone.es
ADC,ADC,Daniel Noguerol,dnoguer@corp.vodafone.es
ADC,ADC,Lucas Saavedra,lsaavedp@corp.vodafone.es
ADC,ADC,Gonzalo P‚rez,gperezf4@corp.vodafone.es
ADC,ADC,Silvia Vilanova,svilano1@corp.vodafone.es
AM,AM,,framirey@corp.vodafone.es
AM,AM,,dcalder1@corp.vodafone.es
AM,AM,,fromer29@corp.vodafone.es
AM,AM,,ifontji@corp.vodafone.es
AM,AM,,mmoral82@corp.vodafone.es
AM,AM,,amoranp@corp.vodafone.es
AM,AM,,jbenite5@corp.vodafone.es
AM,AM,Mohamed Mokhtar Khalifa,mohamed.khalifa3@vodafone.com
AM,AM,Ahmed Shady,ahmed.shady1@vodafone.com
AM,AM,Amr Allam,amr-allam@vodafone.com
AM,AM,Fouad elShazly,fouad.elshazly1@vodafone.com
AM,AM,Sherif Mostafa,Sherif.mohamed3@vodafone.com
AM,AM,Wafaa NourElDin,Wafaa.ali1@vodafone.com
AM,AM,Khaled,Khaled.aboelnour@vodafone.com
AM,AM,Islam Ezzat,islam.ezzat3@vodafone.com
AM,AM,Alaa,alaa.gamal1@vodafone.com
AM,AM,Asmaa,asmaa.hamed@vodafone.com
AM,AM,Mohamed Khaled,mohamed.khaled1@vodafone.com
Integracion,Integracion,Manuel Canete,manuel.canete@vodafone.com
Integracion,Integracion,Serguio Luis Curiel,sergio-luis.curiel@vodafone.com
Integracion,Integracion,Jose Luis Lorenzo,jose-luis.lorenzo@vodafone.com
Integracion,Integracion,Daniel Mart¡nez,daniel.martinez@vodafone.com 
Integracion,Integracion,Luis Monge,luis.monge1@vodafone.com
Integracion,Integracion,Tamarys Mu¤oz,tamarys.munoz@vodafone.com
Integracion,Integracion,Jorge Luis Parres,jorgeluis.parres@vodafone.com
Integracion,Integracion,Carlos Prados,carlos.prados@vodafone.com
Integracion,Integracion,Jose Rodriguez,jose.rodriguez2@vodafone.com
Integracion,Integracion,Geancarlo Salvador,geancarlo.salvador@vodafone.com
Integracion,Integracion,Mario Sevillano,mario.sevillano@vodafone.com
Integracion,Integracion,Guillermo Tejedor,guillermo.tejedor@vodafone.com
DXL,DXL,Carlos Prados,carlos.prados@vodafone.com
DXL,DXL,Alberto Mozo,alberto.mozo@vodafone.com
DXL,DXL,Sergio Martinez Infante,smart118@corp.vodafone.es
DXL,DXL,Gorka Garc¡a,ggarc111@corp.vodafone.es
DXL,DXL,Indira P‚rez,iperezf6@corp.vodafone.es
DXL,DXL,Javier Laguna,jlagunaa@corp.vodafone.es
DXL,DXL,Jorge Iglesias,jrigles1@corp.vodafone.es
DXL,DXL,Pablo µlvarez,palvar30@corp.vodafone.es
DXL,DXL,Antonio L¢pez,alopezfs@corp.vodafone.es
DXL,DXL,Ram¢n Gil,rgilrod@corp.vodafone.es
DXL,DXL,Jos‚ Montesinos,jmonte66@corp.vodafone.es
DXL,DXL,Adr¡an Vidal,avidald2@corp.vodafone.es
DXL,DXL,Alberto Hern ndez,ahern100@corp.vodafone.es
DXL,DXL,Franciso Gazopo,francisco.gazopo@vodafone.com
DXL,DXL,Rub‚n Freire,rfreire3@corp.vodafone.es
DXL,DXL,Iv n Casta¤er,ivan.castaner@vodafone.com
DevOps,DevOps,Juan Pablo Toledo Gavagnin,juanpablo.gavagnin@vodafone.com
DevOps,DevOps,Fernando Gento de Celis,fgentod@corp.vodafone.es
DevOps,DevOps,Manuel Jimenez Pena,mjime138@vodafone.com
