[
    {
        "email": "belen.cabezas@vodafone.com",
        "squadid": "eComm-Conv",
        "squadname": "VF.ES Convergent Offer (Fenix)",
        "name": "Bel\u201an Cabezas"
    },
    {
        "email": "ngarci92@corp.vodafone.es",
        "squadid": "eComm-Conv",
        "squadname": "VF.ES Convergent Offer (Fenix)",
        "name": "Nuria Garc\u00a1a-Nieto"
    },
    {
        "email": "hugo.zapatero@fullsix.com",
        "squadid": "eComm-Conv",
        "squadname": "VF.ES Convergent Offer (Fenix)",
        "name": "Hugo Zapatero"
    },
    {
        "email": "mpeinad6@corp.vodafone.es",
        "squadid": "eComm-Conv",
        "squadname": "VF.ES Convergent Offer (Fenix)",
        "name": "Mar\u00a1a \u00b5ngeles Peinado"
    },
    {
        "email": "rperezfg@corp.vodafone.es",
        "squadid": "eComm-Conv",
        "squadname": "VF.ES Convergent Offer (Fenix)",
        "name": "Rom\u00a0n P\u201arez Fern\u00a0ndez"
    },
    {
        "email": "afern183@corp.vodafone.es",
        "squadid": "eComm-Conv",
        "squadname": "VF.ES Convergent Offer (Fenix)",
        "name": "Alba Fern\u00a0ndez"
    },
    {
        "email": "manuel.blanco1@vodafone.com",
        "squadid": "eComm-Conv",
        "squadname": "VF.ES Convergent Offer (Fenix)",
        "name": "Manuel Blanco "
    },
    {
        "email": " cristina.arias@vodafone.com",
        "squadid": "eComm-Conv",
        "squadname": "VF.ES Convergent Offer (Fenix)",
        "name": "Cristina Arias\u00ff "
    },
    {
        "email": "javier.martinez@flat101.es",
        "squadid": "eComm-Conv",
        "squadname": "VF.ES Convergent Offer (Fenix)",
        "name": "Javier Mart\u00a1nez de la Casa Rodr\u00a1guez "
    },
    {
        "email": "rebeca.escobar@fullsix.com ",
        "squadid": "eComm-Conv",
        "squadname": "VF.ES Convergent Offer (Fenix)",
        "name": "Rebeca Escobar"
    },
    {
        "email": "pablo.fresno@vodafone.com",
        "squadid": "eComm-Mobile",
        "squadname": "VF.ES Mobile Offer (Dyna)",
        "name": "Pablo Fresno\u00ff "
    },
    {
        "email": "mpeinad6@corp.vodafone.es",
        "squadid": "eComm-Mobile",
        "squadname": "VF.ES Mobile Offer (Dyna)",
        "name": "Mar\u00a1a \u00b5ngeles Peinado"
    },
    {
        "email": " cristina.arias@vodafone.com",
        "squadid": "eComm-Mobile",
        "squadname": "VF.ES Mobile Offer (Dyna)",
        "name": "Cristina Arias\u00ff "
    },
    {
        "email": "bcarcan@corp.vodafone.es\u00ff",
        "squadid": "eComm-Mobile",
        "squadname": "VF.ES Mobile Offer (Dyna)",
        "name": "Barbara Carcangiu"
    },
    {
        "email": "brubiom2@corp.vodafone.es",
        "squadid": "eComm-Mobile",
        "squadname": "VF.ES Mobile Offer (Dyna)",
        "name": "Beatriz Rubio"
    },
    {
        "email": "sriver12@corp.vodafone.es",
        "squadid": "eComm-Mobile",
        "squadname": "VF.ES Mobile Offer (Dyna)",
        "name": "Sandra Rivera"
    },
    {
        "email": " tfrutos@corp.vodafone.es",
        "squadid": "eComm-Mobile",
        "squadname": "VF.ES Mobile Offer (Dyna)",
        "name": "Tatiana Frutos "
    },
    {
        "email": "oserrane@corp.vodafone.es",
        "squadid": "eComm-Mobile",
        "squadname": "VF.ES Mobile Offer (Dyna)",
        "name": "Olga Serrano"
    },
    {
        "email": "rbenven@corp.vodafone.es",
        "squadid": "eComm-Mobile",
        "squadname": "VF.ES Mobile Offer (Dyna)",
        "name": "Rebeca Benvenga"
    },
    {
        "email": "maria.vicuna@vodafone.com",
        "squadid": "eComm-Mobile",
        "squadname": "VF.ES Mobile Offer (Dyna)",
        "name": "Maria Vicu\u00a4a"
    },
    {
        "email": "franciscojavier.arauz@vodafone.com",
        "squadid": "eComm-Mobile",
        "squadname": "VF.ES Mobile Offer (Dyna)",
        "name": "Javier Arauz\u00ff "
    },
    {
        "email": "jlassol@corp.vodafone.es",
        "squadid": "eComm-Mobile",
        "squadname": "VF.ES Mobile Offer (Dyna)",
        "name": "Jos\u201a Lasso "
    },
    {
        "email": "manuel.blanco1@vodafone.com",
        "squadid": "eComm-Mobile",
        "squadname": "VF.ES Mobile Offer (Dyna)",
        "name": "Manuel Blanco"
    },
    {
        "email": "angel.gallo@vodafone.com",
        "squadid": "CMS",
        "squadname": "CMS Evolution",
        "name": "\u00b5ngel Gallo"
    },
    {
        "email": "miguel.garcia@vodafone.com",
        "squadid": "CMS",
        "squadname": "CMS Evolution",
        "name": "Miguel Garc\u00a1a"
    },
    {
        "email": "atrigos2@corp.vodafone.es",
        "squadid": "CMS",
        "squadname": "CMS Evolution",
        "name": "Alicia Trigos"
    },
    {
        "email": "vperezf@minsait.com",
        "squadid": "CMS",
        "squadname": "CMS Evolution",
        "name": "Vicente Perez"
    },
    {
        "email": "inikuli@corp.vodafone.es",
        "squadid": "CMS",
        "squadname": "CMS Evolution",
        "name": "Ivan Nikul\u00a1n"
    },
    {
        "email": "vmrodri1@corp.vodafone.es",
        "squadid": "CMS",
        "squadname": "CMS Evolution",
        "name": "V\u00a1ctor Mart\u00a1n Rodriguez"
    },
    {
        "email": "gcruzbe@corp.vodafone.es",
        "squadid": "CMS",
        "squadname": "CMS Evolution",
        "name": "Gonzalo Cruz Benitez"
    },
    {
        "email": "andrea-estibaliz.solis@vodafone.com",
        "squadid": "EBU-Design",
        "squadname": "EBU Design",
        "name": "Andrea Sol\u00a1s"
    },
    {
        "email": "rrgarci8@corp.vodafone.es",
        "squadid": "EBU-Design",
        "squadname": "EBU Design",
        "name": "Rocio Rodr\u00a1guez"
    },
    {
        "email": "mpfeiff@corp.vodafone.es",
        "squadid": "EBU-Design",
        "squadname": "EBU Design",
        "name": "Megan Pfeiffer"
    },
    {
        "email": "prubioc@corp.vodafone.es",
        "squadid": "EBU-Design",
        "squadname": "EBU Design",
        "name": "Pedro Rubio"
    },
    {
        "email": "aguti119@corp.vodafone.es",
        "squadid": "EBU-Design",
        "squadname": "EBU Design",
        "name": "Ana Mar\u00a1a Gutierrez"
    },
    {
        "email": "jfern177@corp.vodafone.es",
        "squadid": "EBU-Design",
        "squadname": "EBU Design",
        "name": "Javier Fern\u00a0ndez"
    },
    {
        "email": "ttolsada@corp.vodafone.es",
        "squadid": "EBU-Design",
        "squadname": "EBU Design",
        "name": "Teresa Tolsada"
    },
    {
        "email": "carolina.franco@vodafone.com",
        "squadid": "Digital-Marketing",
        "squadname": "Digital Marketing",
        "name": "Carolina Franco"
    },
    {
        "email": "adela.simo@isobar.com",
        "squadid": "Digital-Marketing",
        "squadname": "Digital Marketing",
        "name": "Adela Simo"
    },
    {
        "email": "jlassol@corp.vodafone.es",
        "squadid": "Digital-Marketing",
        "squadname": "Digital Marketing",
        "name": "Jos\u201a Lasso "
    },
    {
        "email": "manuel.blanco1@vodafone.com",
        "squadid": "Digital-Marketing",
        "squadname": "Digital Marketing",
        "name": "Manuel Blanco"
    },
    {
        "email": "david.llamazares@vodafone.com",
        "squadid": "Digital-Marketing",
        "squadname": "Digital Marketing",
        "name": "David Llamazares"
    },
    {
        "email": "Adrian.DePablo@wink.es",
        "squadid": "Digital-Marketing",
        "squadname": "Digital Marketing",
        "name": "Adrian de Pablo"
    },
    {
        "email": "tkorrel@corp.vodafone.es",
        "squadid": "Digital-Marketing",
        "squadname": "Digital Marketing",
        "name": "Tatiana Korrel"
    },
    {
        "email": "Daniel.Arias@isobar.com",
        "squadid": "Digital-Marketing",
        "squadname": "Digital Marketing",
        "name": "Daniel Arias"
    },
    {
        "email": "maria.vicuna@vodafone.com",
        "squadid": "Digital-Marketing",
        "squadname": "Digital Marketing",
        "name": "Maria Vicu\u00a4a"
    },
    {
        "email": "beatriz.garcia1@vodafone.com",
        "squadid": "Digital-Marketing",
        "squadname": "Digital Marketing",
        "name": "Beatriz Garcia"
    },
    {
        "email": "sara.lopez@vodafone.com",
        "squadid": "Digital-Marketing",
        "squadname": "Digital Marketing",
        "name": "Sara L\u00a2pez"
    },
    {
        "email": "susana.sanchez1@vodafone.com",
        "squadid": "Dest-Moviles",
        "squadname": "Destiny Planes M\u00a2viles",
        "name": "Susana S\u00a0nchez"
    },
    {
        "email": "gonzalo.blanco@vodafone.com",
        "squadid": "Dest-Moviles",
        "squadname": "Destiny Planes M\u00a2viles",
        "name": "Gonzalo Blanco"
    },
    {
        "email": "eduardo.alvaro@vodafone.com",
        "squadid": "Dest-Moviles",
        "squadname": "Destiny Planes M\u00a2viles",
        "name": "Eduardo \u00b5lvaro"
    },
    {
        "email": "Jesus.ortega@vodafone.com",
        "squadid": "Dest-Moviles",
        "squadname": "Destiny Planes M\u00a2viles",
        "name": "Jesus Ortega"
    },
    {
        "email": "eukeni.valle@vodafone.com",
        "squadid": "Dest-Moviles",
        "squadname": "Destiny Planes M\u00a2viles",
        "name": "Eukeni Valle"
    },
    {
        "email": "jruizmat@corp.vodafone.es",
        "squadid": "Dest-Moviles",
        "squadname": "Destiny Planes M\u00a2viles",
        "name": "Jos\u201a No\u201a Ruiz Maroto"
    },
    {
        "email": "laura.piris@vodafone.com",
        "squadid": "Dest-Moviles",
        "squadname": "Destiny Planes M\u00a2viles",
        "name": "Laura Piris"
    },
    {
        "email": "sgcorch2@corp.vodafone.es",
        "squadid": "Dest-Moviles",
        "squadname": "Destiny Planes M\u00a2viles",
        "name": "Sergio Garcia"
    },
    {
        "email": "fernando.casas@vodafone.com",
        "squadid": "Dest-Moviles",
        "squadname": "Destiny Planes M\u00a2viles",
        "name": "Fernando Casas "
    },
    {
        "email": "javier.rubio3@vodafone.com",
        "squadid": "Dest-Moviles",
        "squadname": "Destiny Planes M\u00a2viles",
        "name": "Javier Rubio"
    },
    {
        "email": "eparejo2@corp.vodafone.es",
        "squadid": "Dest-Moviles",
        "squadname": "Destiny Planes M\u00a2viles",
        "name": "Eloy Parejo Ca\u00a4ada"
    },
    {
        "email": "julia.ruiz@vodafone.com",
        "squadid": "Dest-Moviles",
        "squadname": "Destiny Planes M\u00a2viles",
        "name": "Julia Ruiz"
    },
    {
        "email": "dpajare3@corp.vodafone.es",
        "squadid": "Dest-Moviles",
        "squadname": "Destiny Planes M\u00a2viles",
        "name": "Alba Indriago"
    },
    {
        "email": "bcondeh2@corp.vodafone.es",
        "squadid": "Dest-Moviles",
        "squadname": "Destiny Planes M\u00a2viles",
        "name": "Borja Conde"
    },
    {
        "email": "jrdelsa1@corp.vodafone.es",
        "squadid": "Dest-Moviles",
        "squadname": "Destiny Planes M\u00a2viles",
        "name": "Jose Carlos Rodriguez"
    },
    {
        "email": "dcastri7@corp.vodafone.es",
        "squadid": "Dest-Moviles",
        "squadname": "Destiny Planes M\u00a2viles",
        "name": "David Castrillo"
    },
    {
        "email": "obravov5@corp.vodafone.es",
        "squadid": "Dest-Moviles",
        "squadname": "Destiny Planes M\u00a2viles",
        "name": "\u00e0scar Bravo"
    },
    {
        "email": "sergio.gutierrez@vodafone.com",
        "squadid": "Dest-Moviles",
        "squadname": "Destiny Planes M\u00a2viles",
        "name": "Sergio Gutierrez"
    },
    {
        "email": "rgalvar6@corp.vodafone.es",
        "squadid": "Dest-Moviles",
        "squadname": "Destiny Planes M\u00a2viles",
        "name": "Ra\u00a3l Garc\u00a1a\u00ff"
    },
    {
        "email": "rperezgn@corp.vodafone.es",
        "squadid": "Dest-Moviles",
        "squadname": "Destiny Planes M\u00a2viles",
        "name": "Rom\u00a0n P\u201arez"
    },
    {
        "email": "dsalazaz@corp.vodafone.es",
        "squadid": "Dest-Moviles",
        "squadname": "Destiny Planes M\u00a2viles",
        "name": "David Salazar"
    },
    {
        "email": "aggarciz@corp.vodafone.es",
        "squadid": "Dest-Moviles",
        "squadname": "Destiny Planes M\u00a2viles",
        "name": "Adri\u00a0n Gonz\u00a0lez"
    },
    {
        "email": "maria.gutierrez@vodafone.com",
        "squadid": "Dest-Convergente",
        "squadname": "Destiny Convergente",
        "name": "Mar\u00a1a Fern\u00a0ndez"
    },
    {
        "email": "susana.sanchez1@vodafone.com",
        "squadid": "Dest-Convergente",
        "squadname": "Destiny Convergente",
        "name": "Susana S\u00a0nchez"
    },
    {
        "email": "eduardo.alvaro@vodafone.com",
        "squadid": "Dest-Convergente",
        "squadname": "Destiny Convergente",
        "name": "Eduardo \u00b5lvaro"
    },
    {
        "email": "Jesus.ortega@vodafone.com",
        "squadid": "Dest-Convergente",
        "squadname": "Destiny Convergente",
        "name": "Jesus Ortega"
    },
    {
        "email": "cduranr1@corp.vodafone.es",
        "squadid": "Dest-Convergente",
        "squadname": "Destiny Convergente",
        "name": "Cristina Dur\u00a0n"
    },
    {
        "email": "eukeni.valle@vodafone.com",
        "squadid": "Dest-Convergente",
        "squadname": "Destiny Convergente",
        "name": "Eukeni Valle"
    },
    {
        "email": "laura.piris@vodafone.com",
        "squadid": "Dest-Convergente",
        "squadname": "Destiny Convergente",
        "name": "Laura Piris"
    },
    {
        "email": "fernando.casas@vodafone.com",
        "squadid": "Dest-Convergente",
        "squadname": "Destiny Convergente",
        "name": "Fernando Casas "
    },
    {
        "email": "aindria@corp.vodafone.es",
        "squadid": "Dest-Convergente",
        "squadname": "Destiny Convergente",
        "name": "  Alba Indriago"
    },
    {
        "email": "javier.rubio3@vodafone.com",
        "squadid": "Dest-Convergente",
        "squadname": "Destiny Convergente",
        "name": "Javier Rubio"
    },
    {
        "email": "ozurron@corp.vodafone.es",
        "squadid": "Dest-Convergente",
        "squadname": "Destiny Convergente",
        "name": "\u00e0scar Zurr\u00a2n"
    },
    {
        "email": "mcruzso1@corp.vodafone.es",
        "squadid": "Dest-Convergente",
        "squadname": "Destiny Convergente",
        "name": "Lailani Cruz"
    },
    {
        "email": "hastill@corp.vodafone.es",
        "squadid": "Dest-Convergente",
        "squadname": "Destiny Convergente",
        "name": "Hugo Astilleros S\u00a0nchez "
    },
    {
        "email": "dgarc157@corp.vodafone.es",
        "squadid": "Dest-Convergente",
        "squadname": "Destiny Convergente",
        "name": "Daniel Garc\u00a1a Mart\u00a1n"
    },
    {
        "email": "acarrils@corp.vodafone.es",
        "squadid": "Dest-Convergente",
        "squadname": "Destiny Convergente",
        "name": "Andr\u201as Carillo Fernandez"
    },
    {
        "email": "david.sanchez3@vodafone.com",
        "squadid": "Dest-Convergente",
        "squadname": "Destiny Convergente",
        "name": "David Sanchez"
    },
    {
        "email": "cdomin31@corp.vodafone.es",
        "squadid": "Dest-Convergente",
        "squadname": "Destiny Convergente",
        "name": "Carlos Dominguez"
    },
    {
        "email": "jmatoto@corp.vodafone.es",
        "squadid": "Dest-Convergente",
        "squadname": "Destiny Convergente",
        "name": "Juan Jes\u00a3s Mato\u00ff"
    },
    {
        "email": "iris.delalamo1@vodafone.com",
        "squadid": "Dest-Convergente",
        "squadname": "Destiny Convergente",
        "name": "Iris del \u00b5lamo"
    },
    {
        "email": "fpradob1@corp.vodafone.es",
        "squadid": "Dest-Convergente",
        "squadname": "Destiny Convergente",
        "name": "Fernando Prado"
    },
    {
        "email": "sgcorch2@corp.vodafone.es",
        "squadid": "Dest-Convergente",
        "squadname": "Destiny Convergente",
        "name": "Sergio Garcia"
    },
    {
        "email": "alejandra.ruiz@vodafone.com",
        "squadid": "BIT",
        "squadname": "Vodafone YU",
        "name": "Alejandra Ruiz"
    },
    {
        "email": "oscar.martin@vodafone.com",
        "squadid": "BIT",
        "squadname": "Vodafone YU",
        "name": "Oscar Martin"
    },
    {
        "email": "victor.sacristan@vodafone.com",
        "squadid": "BIT",
        "squadname": "Vodafone YU",
        "name": "Victor Sacristan"
    },
    {
        "email": "jorge.munoz1@vodafone.com",
        "squadid": "BIT",
        "squadname": "Vodafone YU",
        "name": "Jorge Mu\u00a4oz"
    },
    {
        "email": "dferrei9@corp.vodafone.com",
        "squadid": "BIT",
        "squadname": "Vodafone YU",
        "name": "Daniel Ferreira"
    },
    {
        "email": "mariadelvalle.naranjo@vodafone.com",
        "squadid": "BIT",
        "squadname": "Vodafone YU",
        "name": "Maria del Valle Naranjo"
    },
    {
        "email": "ricardo.bautista1@vodafone.com",
        "squadid": "BIT",
        "squadname": "Vodafone YU",
        "name": "Ricardo Bautista"
    },
    {
        "email": "monica.jimenez@vodafone.com",
        "squadid": "BIT",
        "squadname": "Vodafone YU",
        "name": "M\u00a2nica Jim\u201anez"
    },
    {
        "email": "mjime127@corp.vodafone.es",
        "squadid": "BIT",
        "squadname": "Vodafone YU",
        "name": "Miguel Angel Jimenez"
    },
    {
        "email": "anaranjs@corp.vodafone.es",
        "squadid": "BIT",
        "squadname": "Vodafone YU",
        "name": "Alejandro Naranjo"
    },
    {
        "email": "dmart132@corp.vodafone.es",
        "squadid": "BIT",
        "squadname": "Vodafone YU",
        "name": "David Martin"
    },
    {
        "email": "dballesr@corp.vodafone.es",
        "squadid": "BIT",
        "squadname": "Vodafone YU",
        "name": "David Ballesteros"
    },
    {
        "email": "jtrigue8@corp.vodafone.es",
        "squadid": "BIT",
        "squadname": "Vodafone YU",
        "name": "Juan Triguero"
    },
    {
        "email": "aledobo@corp.vodafone.es",
        "squadid": "BIT",
        "squadname": "Vodafone YU",
        "name": "Alejandro Ledo Bordello"
    },
    {
        "email": "rmarqu22@corp.vodafone.es",
        "squadid": "BIT",
        "squadname": "Vodafone YU",
        "name": "Rafael Marquez Pinilla"
    },
    {
        "email": "lalvar88@corp.vodafone.es",
        "squadid": "BIT",
        "squadname": "Vodafone YU",
        "name": "Lucio Alvarez Sanchez Crespo"
    },
    {
        "email": "lramosp4@corp.vodafone.es",
        "squadid": "BIT",
        "squadname": "Vodafone YU",
        "name": "Lara Ramos"
    },
    {
        "email": "ejime107@corp.vodafone.es",
        "squadid": "BIT",
        "squadname": "Vodafone YU",
        "name": "Elena Jimenez"
    },
    {
        "email": "dortego4@corp.vodafone.es",
        "squadid": "BIT",
        "squadname": "Vodafone YU",
        "name": "Daniel Ortego"
    },
    {
        "email": "joseramon.coto@vodafone.com",
        "squadid": "BIT",
        "squadname": "Vodafone YU",
        "name": "Jose Ram\u00a2n Coto"
    },
    {
        "email": "dcasarr3@corp.vodafone.es",
        "squadid": "BIT",
        "squadname": "Vodafone YU",
        "name": "David Casarrubios"
    },
    {
        "email": "laura.piris@vodafone.com",
        "squadid": "BIT",
        "squadname": "Vodafone YU",
        "name": "Laura Piris"
    },
    {
        "email": "daniel.olivas@vodafone.com",
        "squadid": "Walle",
        "squadname": "BOTs",
        "name": "Daniel Olivas"
    },
    {
        "email": "david.rodriguez2@vodafone.com",
        "squadid": "Walle",
        "squadname": "BOTs",
        "name": "David Rodr\u00a1guez"
    },
    {
        "email": "francisco.espinar@vodafone.com",
        "squadid": "Walle",
        "squadname": "BOTs",
        "name": "Fran Espinar"
    },
    {
        "email": "esperanza.grandes@vodafone.com",
        "squadid": "Walle",
        "squadname": "BOTs",
        "name": "Espe Grandes"
    },
    {
        "email": "carmen.delatorre@vodafone.com",
        "squadid": "Walle",
        "squadname": "BOTs",
        "name": "Carmen de la Torre"
    },
    {
        "email": "mdelapl5@corp.vodafone.es",
        "squadid": "Walle",
        "squadname": "BOTs",
        "name": "Miguel de la Plaza"
    },
    {
        "email": "iperezf6@corp.vodafone.es",
        "squadid": "Walle",
        "squadname": "BOTs",
        "name": "Indira P\u201arez"
    },
    {
        "email": "ricardo.barzano@vodafone.com",
        "squadid": "Walle",
        "squadname": "BOTs",
        "name": "Ricardo B\u00a0rzano"
    },
    {
        "email": "malon110@corp.vodafone.es",
        "squadid": "Walle",
        "squadname": "BOTs",
        "name": "Mario Alonso"
    },
    {
        "email": "asanc105@corp.vodafone.es",
        "squadid": "Walle",
        "squadname": "BOTs",
        "name": "Alex S\u00a0nchez"
    },
    {
        "email": "jlagunaa@corp.vodafone.es",
        "squadid": "Walle",
        "squadname": "BOTs",
        "name": "Javier Laguna"
    },
    {
        "email": "craposo1@corp.vodafone.es",
        "squadid": "Walle",
        "squadname": "BOTs",
        "name": "Carmen Raposo"
    },
    {
        "email": "ggarc111@corp.vodafone.es",
        "squadid": "Walle",
        "squadname": "BOTs",
        "name": "Gorka Garc\u00a1a"
    },
    {
        "email": "smart118@corp.vodafone.es",
        "squadid": "Walle",
        "squadname": "BOTs",
        "name": "Sergio Martinez Infante"
    },
    {
        "email": "erierat@corp.vodafone.es",
        "squadid": "Walle",
        "squadname": "BOTs",
        "name": "Fanny Riera"
    },
    {
        "email": "monica.mateo@vodafone.com",
        "squadid": "Walle",
        "squadname": "BOTs",
        "name": "M\u00a2nica Mateo"
    },
    {
        "email": "tsaaved@corp.vodafone.es",
        "squadid": "Walle",
        "squadname": "BOTs",
        "name": "Tamara Saavedra Pascual"
    },
    {
        "email": "mpere168@corp.vodafone.es",
        "squadid": "Walle",
        "squadname": "BOTs",
        "name": "Miguel Angel Perez Ariza"
    },
    {
        "email": "mcarriom@corp.vodafone.es",
        "squadid": "Walle",
        "squadname": "BOTs",
        "name": "Mar\u00a1a de Gracia Carri\u00a2n Delgado"
    },
    {
        "email": "ppinoza@corp.vodafone.es",
        "squadid": "Walle",
        "squadname": "BOTs",
        "name": "Pilar Pino Zaballos"
    },
    {
        "email": "marta.romano@vodafone.com",
        "squadid": "Walle",
        "squadname": "BOTs",
        "name": "Marta Romano"
    },
    {
        "email": "ajime128@corp.vodafone.es",
        "squadid": "Walle",
        "squadname": "BOTs",
        "name": "Alberto Jim\u201anez"
    },
    {
        "email": "bvicent@corp.vodafone.es",
        "squadid": "Walle",
        "squadname": "BOTs",
        "name": "Beatriz Vicente"
    },
    {
        "email": "drodr166@corp.vodafone.es",
        "squadid": "Walle",
        "squadname": "BOTs",
        "name": "Daniel David Rodr\u00a1guez Mu\u00a4oz"
    },
    {
        "email": "lcutill@corp.vodafone.es",
        "squadid": "Walle",
        "squadname": "BOTs",
        "name": "Laura Cutillas"
    },
    {
        "email": "aalon117@corp.vodafone.es",
        "squadid": "Help-Support",
        "squadname": "Help & Support",
        "name": "Alba Alonso Balb\u00a0s"
    },
    {
        "email": "acentenh@corp.vodafone.es",
        "squadid": "Help-Support",
        "squadname": "Help & Support",
        "name": "Alejandra Centeno Fern\u00a0ndez"
    },
    {
        "email": "pcorred6@corp.vodafone.es",
        "squadid": "Help-Support",
        "squadname": "Help & Support",
        "name": "Pablo Corredera Gal\u00a0n"
    },
    {
        "email": "alpulla1@corp.vodafone.es",
        "squadid": "Help-Support",
        "squadname": "Help & Support",
        "name": "Ainhoa L\u00a2pez Pulla"
    },
    {
        "email": "aggonz53@corp.vodafone.es",
        "squadid": "Help-Support",
        "squadname": "Help & Support",
        "name": "\u00b5lvaro Garc\u00a1a Gonz\u00a0lez"
    },
    {
        "email": "pperezc5@corp.vodafone.es",
        "squadid": "Help-Support",
        "squadname": "Help & Support",
        "name": "Paula P\u201arez Cogolludo"
    },
    {
        "email": "dmoren85@corp.vodafone.es",
        "squadid": "Help-Support",
        "squadname": "Help & Support",
        "name": "David Moreno Garc\u00a1a"
    },
    {
        "email": "pbcamo@corp.vodafone.es",
        "squadid": "Help-Support",
        "squadname": "Help & Support",
        "name": "Pablo Beca"
    },
    {
        "email": "igregor@corp.vodafone.es",
        "squadid": "Help-Support",
        "squadname": "Help & Support",
        "name": "Irene Gregorio Sierra"
    },
    {
        "email": "cmoralc@corp.vodafone.es",
        "squadid": "Help-Support",
        "squadname": "Help & Support",
        "name": "Carlos Moral"
    },
    {
        "email": "ajime140@corp.vodafone.es",
        "squadid": "Help-Support",
        "squadname": "Help & Support",
        "name": "Andrea Jim\u201anez"
    },
    {
        "email": "moteroc1@corp.vodafone.es",
        "squadid": "Help-Support",
        "squadname": "Help & Support",
        "name": "Isabel Otero"
    },
    {
        "email": "maricruz.mansilla@vodafone.com",
        "squadid": "Help-Support",
        "squadname": "Help & Support",
        "name": "Mar\u00a1a de la Cruz Mansilla Rodr\u00a1guez"
    },
    {
        "email": "francisco.espinar@vodafone.com",
        "squadid": "Help-Support",
        "squadname": "Help & Support",
        "name": "Francisco Jes\u00a3s Espinar Galiano"
    },
    {
        "email": "roger.jodar@vodafone.com",
        "squadid": "Help-Support",
        "squadname": "Help & Support",
        "name": "Roger Pascual Jodar"
    },
    {
        "email": "consuelo.navarrete@vodafone.com",
        "squadid": "Help-Support",
        "squadname": "Help & Support",
        "name": "Consuelo Navarrete D\u00a1az"
    },
    {
        "email": "ruth.martin@vodafone.com",
        "squadid": "Voice-Bot",
        "squadname": "Voice Bot",
        "name": "Ruth Martin"
    },
    {
        "email": "fernando.zaballos@vodafone.com",
        "squadid": "Voice-Bot",
        "squadname": "Voice Bot",
        "name": "Fernando Zaballos"
    },
    {
        "email": "antonio.soria@vodafone.com",
        "squadid": "Voice-Bot",
        "squadname": "Voice Bot",
        "name": "Antonio Soria"
    },
    {
        "email": "apelino.navarro@vodafone.com",
        "squadid": "Voice-Bot",
        "squadname": "Voice Bot",
        "name": "Ape Navarro"
    },
    {
        "email": "eva-maria.redondo@vodafone.com",
        "squadid": "Voice-Bot",
        "squadname": "Voice Bot",
        "name": "Eva Redondo"
    },
    {
        "email": "alfonso.cano@vodafone.com",
        "squadid": "Voice-Bot",
        "squadname": "Voice Bot",
        "name": "Alfonso Cano"
    },
    {
        "email": "elena.gonzalez4@vodafone.com",
        "squadid": "Voice-Bot",
        "squadname": "Voice Bot",
        "name": "Elena Gonz\u00a0lez"
    },
    {
        "email": "ana-isabel.hernandez@vodafone.com",
        "squadid": "Voice-Bot",
        "squadname": "Voice Bot",
        "name": "Ana I. Hern\u00a0ndez"
    },
    {
        "email": "daniel.facio@garajedeideas.com",
        "squadid": "Voice-Bot",
        "squadname": "Voice Bot",
        "name": "Daniel Facio"
    },
    {
        "email": "veronica.alfaro@fonetic.com",
        "squadid": "Voice-Bot",
        "squadname": "Voice Bot",
        "name": "Ver\u00a2nica Alfaro"
    },
    {
        "email": "alvaro.siguenza@fonetic.com",
        "squadid": "Voice-Bot",
        "squadname": "Voice Bot",
        "name": "Alvaro Sig\u0081enza"
    },
    {
        "email": "juan.rueda_villanua@nokia.com",
        "squadid": "Voice-Bot",
        "squadname": "Voice Bot",
        "name": "Juan Rueda"
    },
    {
        "email": "andres.gaudioso_vazquez@nokia.com",
        "squadid": "Voice-Bot",
        "squadname": "Voice Bot",
        "name": "Andr\u201as Gaudioso"
    },
    {
        "email": "marta.mazario@vodafone.com",
        "squadid": "Voice-Bot",
        "squadname": "Voice Bot",
        "name": "Marta Mazar\u00a1o"
    },
    {
        "email": "chelo.salmeron@vodafone.com",
        "squadid": "MVCJ",
        "squadname": "Mi VF CX Journeys",
        "name": "Chelo Salmer\u00a2n"
    },
    {
        "email": "jorge.martin@vodafone.com",
        "squadid": "MVCJ",
        "squadname": "Mi VF CX Journeys",
        "name": "Jorge Martin"
    },
    {
        "email": "pedro.pina@vodafone.com",
        "squadid": "MVCJ",
        "squadname": "Mi VF CX Journeys",
        "name": "Pedro Pina"
    },
    {
        "email": "iotero@merkleinc.com ",
        "squadid": "MVCJ",
        "squadname": "Mi VF CX Journeys",
        "name": "Isabel Otero"
    },
    {
        "email": "miguel.martinez3@vodafone.com",
        "squadid": "MVCJ",
        "squadname": "Mi VF CX Journeys",
        "name": "Miguel Martinez"
    },
    {
        "email": "esanc138@corp.vodafone.es ",
        "squadid": "MVCJ",
        "squadname": "Mi VF CX Journeys",
        "name": "Ernesto Sanchez"
    },
    {
        "email": "ismael.quijada@vodafone.com",
        "squadid": "MVCJ",
        "squadname": "Mi VF CX Journeys",
        "name": "Ismael Quijada"
    },
    {
        "email": "alberto.mozo@vodafone.com",
        "squadid": "MVCJ",
        "squadname": "Mi VF CX Journeys",
        "name": "Alberto Mozo"
    },
    {
        "email": "alberto.madera@vodafone.com",
        "squadid": "MVCJ",
        "squadname": "Mi VF CX Journeys",
        "name": "Alberto Madera"
    },
    {
        "email": "alberto.garciamunoz@vodafone.com",
        "squadid": "MVCJ",
        "squadname": "Mi VF CX Journeys",
        "name": "Alberto Garc\u00a1a"
    },
    {
        "email": "ialvar66@corp.vodafone.es",
        "squadid": "MVCJ",
        "squadname": "Mi VF CX Journeys",
        "name": "Ivan \u00b5lvarez"
    },
    {
        "email": "manuel.valls@vodafone.com",
        "squadid": "MVCJ",
        "squadname": "Mi VF CX Journeys",
        "name": "Manuel Valls"
    },
    {
        "email": "mariadelvalle.naranjo@vodafone.com",
        "squadid": "MVCJ",
        "squadname": "Mi VF CX Journeys",
        "name": "Maria del Valle Naranjo"
    },
    {
        "email": "rafael.barca@vodafone.com",
        "squadid": "EDC",
        "squadname": "Enterprise Digital CARE",
        "name": "Rafael Barca"
    },
    {
        "email": "rocio.pedraz@vodafone.com",
        "squadid": "EDC",
        "squadname": "Enterprise Digital CARE",
        "name": "Rocio Pedraz"
    },
    {
        "email": "soledad.garcia@vodafone.com",
        "squadid": "EDC",
        "squadname": "Enterprise Digital CARE",
        "name": "Soledad Garcia"
    },
    {
        "email": "mayagracia.pingarron@vodafone.com",
        "squadid": "EDC",
        "squadname": "Enterprise Digital CARE",
        "name": "Maya Pingarr\u00a2n"
    },
    {
        "email": "cristina.carreras@vodafone.com",
        "squadid": "EDC",
        "squadname": "Enterprise Digital CARE",
        "name": "Cristina Carreras"
    },
    {
        "email": "carmen.cuesta@vodafone.com",
        "squadid": "EDC",
        "squadname": "Enterprise Digital CARE",
        "name": "Carmen Cuesta"
    },
    {
        "email": "susana.cid@vodafone.com",
        "squadid": "EDC",
        "squadname": "Enterprise Digital CARE",
        "name": "Susana Cid"
    },
    {
        "email": "daniel.martinez@vodafone.com ",
        "squadid": "EDC",
        "squadname": "Enterprise Digital CARE",
        "name": "Daniel Mart\u00a1nez"
    },
    {
        "email": "cfarrib1@corp.vodafone.es",
        "squadid": "EDC",
        "squadname": "Enterprise Digital CARE",
        "name": "Cristina Fern\u00a0ndez"
    },
    {
        "email": "cryuste@corp.vodafone.es",
        "squadid": "EDC",
        "squadname": "Enterprise Digital CARE",
        "name": "Cristina Rodr\u00a1guez"
    },
    {
        "email": "jtarifa@corp.vodafone.es",
        "squadid": "EDC",
        "squadname": "Enterprise Digital CARE",
        "name": "Juan Carlos Tarifa"
    },
    {
        "email": "calcaid5@corp.vodafone.es",
        "squadid": "EDC",
        "squadname": "Enterprise Digital CARE",
        "name": "Carlos Alcaide"
    },
    {
        "email": "monica.mateo@vodafone.com",
        "squadid": "EDC",
        "squadname": "Enterprise Digital CARE",
        "name": "Monica Mateo"
    },
    {
        "email": "jtellor1@corp.vodafone.es",
        "squadid": "EDC",
        "squadname": "Enterprise Digital CARE",
        "name": "Jose Mar\u00a1a Tello"
    },
    {
        "email": "ialcaza5@corp.vodafone.es",
        "squadid": "EDC",
        "squadname": "Enterprise Digital CARE",
        "name": "Ignacio Alcazar"
    },
    {
        "email": "rriosal1@corp.vodafone.es",
        "squadid": "EDC",
        "squadname": "Enterprise Digital CARE",
        "name": "Rafael Rios"
    },
    {
        "email": "dordone7@corp.vodafone.es",
        "squadid": "EDC",
        "squadname": "Enterprise Digital CARE",
        "name": "Daniel Ord\u00a2\u00a4ez"
    },
    {
        "email": "eperezsp@corp.vodafone.es",
        "squadid": "EDC",
        "squadname": "Enterprise Digital CARE",
        "name": "Emilio Manuel P\u201arez"
    },
    {
        "email": "dortego4@corp.vodafone.es",
        "squadid": "EDC",
        "squadname": "Enterprise Digital CARE",
        "name": "Daniel Ortego"
    },
    {
        "email": "acogoll4@corp.vodafone.es",
        "squadid": "EDC",
        "squadname": "Enterprise Digital CARE",
        "name": "Alberto Cogolludo"
    },
    {
        "email": "myraved@corp.vodafone.es",
        "squadid": "EDC",
        "squadname": "Enterprise Digital CARE",
        "name": "Concha Yravedra"
    },
    {
        "email": "amayenc@corp.vodafone.es",
        "squadid": "EDC",
        "squadname": "Enterprise Digital CARE",
        "name": "Alberto Mayenco"
    },
    {
        "email": "lmart121@corp.vodafone.es",
        "squadid": "EDC",
        "squadname": "Enterprise Digital CARE",
        "name": "Laura Mart\u00a1n N\u00a3\u00a4ez"
    },
    {
        "email": "vsantan7@corp.vodafone.es",
        "squadid": "EDC",
        "squadname": "Enterprise Digital CARE",
        "name": "Veronica Santana"
    },
    {
        "email": "bfern110@corp.vodafone.es",
        "squadid": "EDC",
        "squadname": "Enterprise Digital CARE",
        "name": "Bel\u201an Fern\u00a0ndez Santos"
    },
    {
        "email": "cdejorg@corp.vodafone.es",
        "squadid": "EDC",
        "squadname": "Enterprise Digital CARE",
        "name": "Cecilia de Jorge"
    },
    {
        "email": "idelato1@corp.vodafone.es",
        "squadid": "EDC",
        "squadname": "Enterprise Digital CARE",
        "name": "Iv\u00a0n de la Torre"
    },
    {
        "email": "ivan.depaz@vodafone.com",
        "squadid": "EDC",
        "squadname": "Enterprise Digital CARE",
        "name": "Iv\u00a0n de Paz"
    },
    {
        "email": "sergio.fernandez1@vodafone.com",
        "squadid": "EDC",
        "squadname": "Enterprise Digital CARE",
        "name": "Sergio Fern\u00a0ndez"
    },
    {
        "email": "valvar52@corp.vodafone.es",
        "squadid": "EDC",
        "squadname": "Enterprise Digital CARE",
        "name": "Victor Alvarez"
    },
    {
        "email": "asalomo2@corp.vodafone.es",
        "squadid": "EDC",
        "squadname": "Enterprise Digital CARE",
        "name": "Dario Salom\u00a2n"
    },
    {
        "email": "susana.ochoa@vodafone.com",
        "squadid": "Feedback",
        "squadname": "Mi VF APP Customer Feedback ",
        "name": "Susana Ochoa"
    },
    {
        "email": "ines.alejandro@vodafone.com",
        "squadid": "Feedback",
        "squadname": "Mi VF APP Customer Feedback ",
        "name": "In\u201as Alejandro"
    },
    {
        "email": "aly.fathy@vodafone.com",
        "squadid": "MiVF-Onboarding",
        "squadname": "Mi VF APP (Onboarding)",
        "name": "Aly Fathy"
    },
    {
        "email": "dlagoal@corp.vodafone.es",
        "squadid": "Feedback",
        "squadname": "Mi VF APP Customer Feedback ",
        "name": "David Lago"
    },
    {
        "email": "alberto.fernandez@vodafone.com",
        "squadid": "Feedback",
        "squadname": "Mi VF APP Customer Feedback ",
        "name": "Alberto Fern\u00a0ndez  (necesitamos 100%)"
    },
    {
        "email": "jcanaleb@corp.vodafone.es",
        "squadid": "Feedback",
        "squadname": "Mi VF APP Customer Feedback ",
        "name": "Jaime Canales (OK 50%)"
    },
    {
        "email": "mantolid@corp.vodafone.es",
        "squadid": "Feedback",
        "squadname": "Mi VF APP Customer Feedback ",
        "name": "Maite Antolin (OK 50%)"
    },
    {
        "email": "clara.saiz@vodafone.com",
        "squadid": "Feedback",
        "squadname": "Mi VF APP Customer Feedback ",
        "name": "Clara Saiz"
    },
    {
        "email": "marius.circiu@vodafone.com",
        "squadid": "Feedback",
        "squadname": "Mi VF APP Customer Feedback ",
        "name": "Marius Circiu"
    },
    {
        "email": "jhern155@corp.vodafone.es",
        "squadid": "Feedback",
        "squadname": "Mi VF APP Customer Feedback ",
        "name": "Jes\u00a3s Hernando"
    },
    {
        "email": "agraci10@corp.vodafone.es",
        "squadid": "Feedback",
        "squadname": "Mi VF APP Customer Feedback ",
        "name": "Alicia Gracia"
    },
    {
        "email": "gehad.abdelaziz1@vodafone.com",
        "squadid": "Feedback",
        "squadname": "Mi VF APP Customer Feedback ",
        "name": "Gehad Ahmed Taha"
    },
    {
        "email": "alaa.korotma@vodafone.com",
        "squadid": "Feedback",
        "squadname": "Mi VF APP Customer Feedback ",
        "name": "Alaa Ali Kortoma"
    },
    {
        "email": "mohamed.oshiba@vodafone.com",
        "squadid": "Feedback",
        "squadname": "Mi VF APP Customer Feedback ",
        "name": "Mohamed Oshiba"
    },
    {
        "email": "Merna.hamada1@vodafone.com",
        "squadid": "Feedback",
        "squadname": "Mi VF APP Customer Feedback ",
        "name": "Merna Ismail Hamada"
    },
    {
        "email": "samar.gaber2@vodafone.com",
        "squadid": "Feedback",
        "squadname": "Mi VF APP Customer Feedback ",
        "name": "Summar Gaber"
    },
    {
        "email": "mina.dawood1@vodafone.com",
        "squadid": "Feedback",
        "squadname": "Mi VF APP Customer Feedback ",
        "name": "Mina Dawood"
    },
    {
        "email": "omnia.maher1@vodafone.com",
        "squadid": "Feedback",
        "squadname": "Mi VF APP Customer Feedback ",
        "name": "Omnia Mohamed Elmasry Mohamed Maher"
    },
    {
        "email": "youmna.elghayesh2@vodafone.com",
        "squadid": "Feedback",
        "squadname": "Mi VF APP Customer Feedback ",
        "name": "Youmna ElGhayesh"
    },
    {
        "email": "ahmed.shoukry2@vodafone.com",
        "squadid": "Feedback",
        "squadname": "Mi VF APP Customer Feedback ",
        "name": "Ahmed Yousry"
    },
    {
        "email": "tarek.elneklawy@vodafone.com",
        "squadid": "Feedback",
        "squadname": "Mi VF APP Customer Feedback ",
        "name": "Tarek Ahmed"
    },
    {
        "email": "shaimaa.elbazidy@vodafone.com",
        "squadid": "Feedback",
        "squadname": "Mi VF APP Customer Feedback ",
        "name": "Shaimaa ElBazidy"
    },
    {
        "email": "hossam.nashaat1@vodafone.com",
        "squadid": "Feedback",
        "squadname": "Mi VF APP Customer Feedback ",
        "name": "Hossam Nashaat"
    },
    {
        "email": "rehab.arafa2@vodafone.com",
        "squadid": "Feedback",
        "squadname": "Mi VF APP Customer Feedback ",
        "name": "Rehab Arafa"
    },
    {
        "email": "sarah.eldeib1@vodafone.com",
        "squadid": "Feedback",
        "squadname": "Mi VF APP Customer Feedback ",
        "name": "Sarah El-Deib"
    },
    {
        "email": "sayed.fathy@vodafone.com",
        "squadid": "Feedback",
        "squadname": "Mi VF APP Customer Feedback ",
        "name": "Sayed Fathy"
    },
    {
        "email": "moataz.salem@vodafone.com",
        "squadid": "Feedback",
        "squadname": "Mi VF APP Customer Feedback ",
        "name": "Moataz Salem"
    },
    {
        "email": "marian.younan@vodafone.com",
        "squadid": "Feedback",
        "squadname": "Mi VF APP Customer Feedback ",
        "name": "Marian"
    },
    {
        "email": "samanta.martinez@vodafone.com",
        "squadid": "Pred-Care",
        "squadname": "Mi VF APP Predictive Care",
        "name": "Samanta Martinez"
    },
    {
        "email": "raquel.mena@vodafone.com",
        "squadid": "Pred-Care",
        "squadname": "Mi VF APP Predictive Care",
        "name": "Raquel Mena"
    },
    {
        "email": "cesar.valencia@vodafone.com",
        "squadid": "Pred-Care",
        "squadname": "Mi VF APP Predictive Care",
        "name": "Cesar Valencia"
    },
    {
        "email": "jcanaleb@corp.vodafone.es",
        "squadid": "Pred-Care",
        "squadname": "Mi VF APP Predictive Care",
        "name": "Jaime Canales"
    },
    {
        "email": "mantolid@corp.vodafone.es",
        "squadid": "Pred-Care",
        "squadname": "Mi VF APP Predictive Care",
        "name": "Maite Antolin"
    },
    {
        "email": "clara.saiz@vodafone.com",
        "squadid": "Pred-Care",
        "squadname": "Mi VF APP Predictive Care",
        "name": "Clara Saiz"
    },
    {
        "email": "marius.circiu@vodafone.com",
        "squadid": "Pred-Care",
        "squadname": "Mi VF APP Predictive Care",
        "name": "Marius Circiu"
    },
    {
        "email": "agraci10@corp.vodafone.es",
        "squadid": "Pred-Care",
        "squadname": "Mi VF APP Predictive Care",
        "name": "Alicia Gracia"
    },
    {
        "email": "ines.alejandro@vodafone.com",
        "squadid": "Pred-Care",
        "squadname": "Mi VF APP Predictive Care",
        "name": "Ines Alejandro"
    },
    {
        "email": "hend.hassan1@vodafone.com",
        "squadid": "MiVF-Onboarding",
        "squadname": "Mi VF APP (Onboarding)",
        "name": "Hend Hassan El Wakil"
    },
    {
        "email": "ahmed.selim7@vodafone.com",
        "squadid": "Pred-Care",
        "squadname": "Mi VF APP Predictive Care",
        "name": "Khaled-Selim Ahmed"
    },
    {
        "email": "jan.saad1@vodafone.com",
        "squadid": "Pred-Care",
        "squadname": "Mi VF APP Predictive Care",
        "name": "Jan George Saad"
    },
    {
        "email": "mohamed.abuelazm@vodafone.com",
        "squadid": "Pred-Care",
        "squadname": "Mi VF APP Predictive Care",
        "name": "Mohamed Hassan Abulazm"
    },
    {
        "email": "huda.abdelraouf@vodafone.com",
        "squadid": "Pred-Care",
        "squadname": "Mi VF APP Predictive Care",
        "name": "Huda"
    },
    {
        "email": "adel.adel@vodafone.com",
        "squadid": "Pred-Care",
        "squadname": "Mi VF APP Predictive Care",
        "name": "Adel Amr"
    },
    {
        "email": "ahmed.kabbash2@vodafone.com",
        "squadid": "Pred-Care",
        "squadname": "Mi VF APP Predictive Care",
        "name": "Kabbash Ahmed"
    },
    {
        "email": "dina.elsayed1@vodafone.com",
        "squadid": "Pred-Care",
        "squadname": "Mi VF APP Predictive Care",
        "name": "Dina Ashraf Elsayed"
    },
    {
        "email": "shireen.magdy1@vodafone.com",
        "squadid": "Pred-Care",
        "squadname": "Mi VF APP Predictive Care",
        "name": "ElSebai Shereen"
    },
    {
        "email": "Mostafa.samir1@vodafone.com",
        "squadid": "Pred-Care",
        "squadname": "Mi VF APP Predictive Care",
        "name": "Samir-Tawfik Mostafa"
    },
    {
        "email": "ali.adel@vodafone.com",
        "squadid": "Pred-Care",
        "squadname": "Mi VF APP Predictive Care",
        "name": "Adel Ali"
    },
    {
        "email": "ebrahim.mostafa@vodafone.com",
        "squadid": "Pred-Care",
        "squadname": "Mi VF APP Predictive Care",
        "name": "Mostafa Ebrahim"
    },
    {
        "email": "milad.raouf1@vodafone.com",
        "squadid": "Pred-Care",
        "squadname": "Mi VF APP Predictive Care",
        "name": "Milad Raouf"
    },
    {
        "email": "rehab.arafa2@vodafone.com",
        "squadid": "Pred-Care",
        "squadname": "Mi VF APP Predictive Care",
        "name": "Rehab Arafa"
    },
    {
        "email": "sarah.eldeib1@vodafone.com",
        "squadid": "Pred-Care",
        "squadname": "Mi VF APP Predictive Care",
        "name": "Sarah El-Deib"
    },
    {
        "email": "sayed.fathy@vodafone.com",
        "squadid": "Pred-Care",
        "squadname": "Mi VF APP Predictive Care",
        "name": "Sayed Fathy"
    },
    {
        "email": "moataz.salem@vodafone.com",
        "squadid": "Pred-Care",
        "squadname": "Mi VF APP Predictive Care",
        "name": "Moataz Salem"
    },
    {
        "email": "marian.younan@vodafone.com",
        "squadid": "Pred-Care",
        "squadname": "Mi VF APP Predictive Care",
        "name": "Marian"
    },
    {
        "email": "valentyna.melnyk@vodafone.com",
        "squadid": "Ecosistema-IKKI",
        "squadname": "Ecosistema IKKI",
        "name": "Valentyna Melnyk"
    },
    {
        "email": "olga.calvo@vodafone.com",
        "squadid": "MiVF-Onboarding",
        "squadname": "Mi VF APP (Onboarding)",
        "name": "Olga Calvo"
    },
    {
        "email": "pedro.pina@vodafone.com",
        "squadid": "MiVF-Onboarding",
        "squadname": "Mi VF APP (Onboarding)",
        "name": "Pedro Pina"
    },
    {
        "email": "jorge.martin@vodafone.com",
        "squadid": "MiVF-Onboarding",
        "squadname": "Mi VF APP (Onboarding)",
        "name": "Jorge Martin"
    },
    {
        "email": "miguel.martinez@vodafone.com",
        "squadid": "MiVF-Onboarding",
        "squadname": "Mi VF APP (Onboarding)",
        "name": "Miguel Martinez"
    },
    {
        "email": "esanc138@corp.vodafone.es",
        "squadid": "MiVF-Onboarding",
        "squadname": "Mi VF APP (Onboarding)",
        "name": "Ernesto Sanchez"
    },
    {
        "email": "clara.saiz@vodafone.com",
        "squadid": "MiVF-Onboarding",
        "squadname": "Mi VF APP (Onboarding)",
        "name": "Clara Saiz"
    },
    {
        "email": "marius.circiu@vodafone.com",
        "squadid": "MiVF-Onboarding",
        "squadname": "Mi VF APP (Onboarding)",
        "name": "Marius Circiu"
    },
    {
        "email": "agraci10@corp.vodafone.es",
        "squadid": "MiVF-Onboarding",
        "squadname": "Mi VF APP (Onboarding)",
        "name": "Alicia Gracia"
    },
    {
        "email": "ahmed.mohsen1@vodafone.com",
        "squadid": "MiVF-Onboarding",
        "squadname": "Mi VF APP (Onboarding)",
        "name": "Ahmed Mohsen"
    },
    {
        "email": "rehab.arafa2@vodafone.com",
        "squadid": "MiVF-Onboarding",
        "squadname": "Mi VF APP (Onboarding)",
        "name": "Rehab Arafa"
    },
    {
        "email": "sarah.eldeib1@vodafone.com",
        "squadid": "MiVF-Onboarding",
        "squadname": "Mi VF APP (Onboarding)",
        "name": "Sarah El-Deib"
    },
    {
        "email": "sayed.fathy@vodafone.com",
        "squadid": "MiVF-Onboarding",
        "squadname": "Mi VF APP (Onboarding)",
        "name": "Sayed Fathy"
    },
    {
        "email": "moataz.salem@vodafone.com",
        "squadid": "MiVF-Onboarding",
        "squadname": "Mi VF APP (Onboarding)",
        "name": "Moataz Salem"
    },
    {
        "email": "marian.younan@vodafone.com",
        "squadid": "MiVF-Onboarding",
        "squadname": "Mi VF APP (Onboarding)",
        "name": "Marian"
    },
    {
        "email": "maria-pilar.hidalgo@vodafone.com",
        "squadid": "P&S",
        "squadname": "Mi VF Products and services",
        "name": "Pilar Hidalgo"
    },
    {
        "email": "lara.mateos1@vodafone.com",
        "squadid": "P&S",
        "squadname": "Mi VF Products and services",
        "name": "Lara Mateos"
    },
    {
        "email": "pperezcj@corp.vodafone.es",
        "squadid": "P&S",
        "squadname": "Mi VF Products and services",
        "name": "Pilar Perez Carabias"
    },
    {
        "email": "mantolid@corp.vodafone.es",
        "squadid": "P&S",
        "squadname": "Mi VF Products and services",
        "name": "Maite Antolin "
    },
    {
        "email": "marta.rodriguez3@vodafone.com",
        "squadid": "P&S",
        "squadname": "Mi VF Products and services",
        "name": "Marta Hern\u00a0ndez"
    },
    {
        "email": "andres.bailen1@vodafone.com",
        "squadid": "P&S",
        "squadname": "Mi VF Products and services",
        "name": "Andr\u201as Bail\u201an"
    },
    {
        "email": "gustavo.calvo@vodafone.com",
        "squadid": "P&S",
        "squadname": "Mi VF Products and services",
        "name": "Gustavo Calvo"
    },
    {
        "email": "iblanc12@corp.vodafone.es",
        "squadid": "P&S",
        "squadname": "Mi VF Products and services",
        "name": "Irma Blanco"
    },
    {
        "email": "nferna75@corp.vodafone.es",
        "squadid": "P&S",
        "squadname": "Mi VF Products and services",
        "name": "Nuria Fernandez"
    },
    {
        "email": "jduenas1@corp.vodafone.es",
        "squadid": "P&S",
        "squadname": "Mi VF Products and services",
        "name": "Francisco Javier Due\u00a4as"
    },
    {
        "email": "mariadelvalle.naranjo@vodafone.com",
        "squadid": "P&S",
        "squadname": "Mi VF Products and services",
        "name": "Maria del Valle Naranjo"
    },
    {
        "email": "jrigles1@corp.vodafone.es",
        "squadid": "P&S",
        "squadname": "Mi VF Products and services",
        "name": "Jorge Iglesias"
    },
    {
        "email": "ahern100@corp.vodafone.es",
        "squadid": "P&S",
        "squadname": "Mi VF Products and services",
        "name": "Alberto Hern\u00a0ndez"
    },
    {
        "email": "clara.saiz@vodafone.com",
        "squadid": "P&S",
        "squadname": "Mi VF Products and services",
        "name": "Clara Saiz"
    },
    {
        "email": "sara.lopez@vodafone.com",
        "squadid": "SOHO",
        "squadname": "SOHO - Digital Agent",
        "name": "Sara L\u00a2pez"
    },
    {
        "email": "joseluis.alonso@vodafone.com",
        "squadid": "App-Engagement",
        "squadname": "App Engagement",
        "name": "Jose Luis Alonso"
    },
    {
        "email": "PETRA.LUCAS@VODAFONE.COM",
        "squadid": "App-Engagement",
        "squadname": "App Engagement",
        "name": "Petra Mar\u00a1a Lucas"
    },
    {
        "email": "JUAN-ANTONIO.HERRERA@VODAFONE.COM",
        "squadid": "App-Engagement",
        "squadname": "App Engagement",
        "name": "Juan Antonio Herrera"
    },
    {
        "email": "aromang1@corp.vodafone.es",
        "squadid": "App-Engagement",
        "squadname": "App Engagement",
        "name": "Alberto Rom\u00a0n"
    },
    {
        "email": "achicas@corp.vodafone.es",
        "squadid": "Dest-Migra",
        "squadname": "Destiny migraci\u00a2n",
        "name": "Antonio Chica"
    },
    {
        "email": "jcoboji1@corp.vodafone.es",
        "squadid": "Dest-Migra",
        "squadname": "Destiny migraci\u00a2n",
        "name": "Juan Jos\u201a Cobo Jimenez"
    },
    {
        "email": "alopezfs@corp.vodafone.es",
        "squadid": "Dest-Migra",
        "squadname": "Destiny migraci\u00a2n",
        "name": "Antonio Luis L\u00a2pez"
    },
    {
        "email": "jamooro@corp.vodafone.es",
        "squadid": "Dest-Migra",
        "squadname": "Destiny migraci\u00a2n",
        "name": "Javier Amo"
    },
    {
        "email": "jsanc196@corp.vodafone.es",
        "squadid": "Dest-Migra",
        "squadname": "Destiny migraci\u00a2n",
        "name": "Ruben S\u00a0nchez"
    },
    {
        "email": "rmart153@corp.vodafone.es",
        "squadid": "Dest-Migra",
        "squadname": "Destiny migraci\u00a2n",
        "name": "Ra\u00a3l de la Monta\u00a4a"
    },
    {
        "email": "jmoguel1@corp.vodafone.es",
        "squadid": "Dest-Migra",
        "squadname": "Destiny migraci\u00a2n",
        "name": "Javier Moguel"
    },
    {
        "email": "teresa.perez.gallo.sa@everis.com",
        "squadid": "Dest-Migra",
        "squadname": "Destiny migraci\u00a2n",
        "name": "Teresa Perez Gallo"
    },
    {
        "email": "franciscojose.benito@vodafone.com",
        "squadid": "Dest-Migra",
        "squadname": "Destiny migraci\u00a2n",
        "name": "Francisco Jos\u201a Benito"
    },
    {
        "email": "rdoblas@corp.vodafone.es",
        "squadid": "Dest-Migra",
        "squadname": "Destiny migraci\u00a2n",
        "name": "Ra\u00a3l Doblas"
    },
    {
        "email": "fatima.garcia@vodafone.com",
        "squadid": "Dest-Migra",
        "squadname": "Destiny migraci\u00a2n",
        "name": "F\u00a0tima Garcia"
    },
    {
        "email": "mgomez139@corp.vodafone.es",
        "squadid": "Dest-Migra",
        "squadname": "Destiny migraci\u00a2n",
        "name": "Mario Gomez"
    },
    {
        "email": "flopezrb@corp.vodafone.es",
        "squadid": "Dest-Migra",
        "squadname": "Destiny migraci\u00a2n",
        "name": "Fernando Lopez"
    },
    {
        "email": "dgcalva1@corp.vodafone.es",
        "squadid": "Dest-Migra",
        "squadname": "Destiny migraci\u00a2n",
        "name": "David Garcia Calvante"
    },
    {
        "email": "jsanc184@corp.vodafone.es",
        "squadid": "Dest-Migra",
        "squadname": "Destiny migraci\u00a2n",
        "name": "Jesus Alberto Sanchez"
    },
    {
        "email": "carlos.rodriguez8@vodafone.com",
        "squadid": "Dest-Migra",
        "squadname": "Destiny migraci\u00a2n",
        "name": "Carlos Rodriguez"
    },
    {
        "email": "aallegu@corp.vodafone.es",
        "squadid": "Dest-Migra",
        "squadname": "Destiny migraci\u00a2n",
        "name": "\u00b5lvaro Allegue"
    },
    {
        "email": "laura.perez3@vodafone.com",
        "squadid": "Dest-MVF",
        "squadname": "MI VF 10.0 ",
        "name": "Laura P\u201arez"
    },
    {
        "email": "sara.matos@vodafone.com",
        "squadid": "Dest-MVF",
        "squadname": "MI VF 10.0 ",
        "name": "Sara Matos"
    },
    {
        "email": "noussair.elharrak1@vodafone.com",
        "squadid": "Dest-MVF",
        "squadname": "MI VF 10.0 ",
        "name": "Noussair el Harrak"
    },
    {
        "email": "ANA.CUESTA@VODAFONE.COM",
        "squadid": "Dest-MVF",
        "squadname": "MI VF 10.0 ",
        "name": "Ana cuesta"
    },
    {
        "email": "antonio.puerto@vodafone.com",
        "squadid": "Dest-MVF",
        "squadname": "MI VF 10.0 ",
        "name": "Antonio Puerto"
    },
    {
        "email": "eukeni.valle@vodafone.com",
        "squadid": "Dest-MVF",
        "squadname": "MI VF 10.0 ",
        "name": "Eukeni Valle"
    },
    {
        "email": "ppardog2@corp.vodafone.es",
        "squadid": "Dest-MVF",
        "squadname": "MI VF 10.0 ",
        "name": "Pedro Pardo"
    },
    {
        "email": "mvegaga1@corp.vodafone.es",
        "squadid": "Dest-MVF",
        "squadname": "MI VF 10.0 ",
        "name": "Marcos Vega Garc\u00a1a"
    },
    {
        "email": "cluquel2@corp.vodafone.es",
        "squadid": "Dest-MVF",
        "squadname": "MI VF 10.0 ",
        "name": "Cristina Luque"
    },
    {
        "email": "kazanon@corp.vodafone.es",
        "squadid": "Dest-MVF",
        "squadname": "MI VF 10.0 ",
        "name": "Kevin Aza\u00a4on"
    },
    {
        "email": "alopezfs@corp.vodafone.es",
        "squadid": "Dest-MVF",
        "squadname": "MI VF 10.0 ",
        "name": "Antonio Luis L\u00a2pez"
    },
    {
        "email": "afernad4@corp.vodafone.es",
        "squadid": "Dest-MVF",
        "squadname": "MI VF 10.0 ",
        "name": "Ana Isabel Fern\u00a0ndez"
    },
    {
        "email": "mmateop2@corp.vodafone.es",
        "squadid": "Dest-MVF",
        "squadname": "MI VF 10.0 ",
        "name": "Mar\u00a1a Sabrina Mateo "
    },
    {
        "email": "jtrujilm@corp.vodafone.es",
        "squadid": "Dest-MVF",
        "squadname": "MI VF 10.0 ",
        "name": "Juan Diego Trujillo"
    },
    {
        "email": "palvar30@corp.vodafone.es",
        "squadid": "Dest-MVF",
        "squadname": "MI VF 10.0 ",
        "name": "Pablo \u00b5lvarez"
    },
    {
        "email": "jcorra14@corp.vodafone.es",
        "squadid": "Dest-MVF",
        "squadname": "MI VF 10.0 ",
        "name": "Juan Gabriel Corrales Bodas"
    },
    {
        "email": "mguti127@corp.vodafone.es",
        "squadid": "Dest-MVF",
        "squadname": "MI VF 10.0 ",
        "name": "Manuel Gutierrez Gutierrez"
    },
    {
        "email": "cherre74@corp.vodafone.es",
        "squadid": "Dest-Comercial",
        "squadname": "Destiny Commercial",
        "name": "Celia Herrera"
    },
    {
        "email": "rgilrod@corp.vodafone.es",
        "squadid": "Dest-Comercial",
        "squadname": "Destiny Commercial",
        "name": "Ram\u00a2n Gil"
    },
    {
        "email": "rfreire3@corp.vodafone.es",
        "squadid": "Dest-Comercial",
        "squadname": "Destiny Commercial",
        "name": "Rub\u201an Freire"
    },
    {
        "email": "dramosra@corp.vodafone.es",
        "squadid": "Dest-Comercial",
        "squadname": "Destiny Commercial",
        "name": "Diego Ramos Retamal"
    },
    {
        "email": "fernando.casas@vodafone.com",
        "squadid": "Dest-Comercial",
        "squadname": "Destiny Commercial",
        "name": "Fernando Casas"
    },
    {
        "email": "jnvazqu1@corp.vodafone.es",
        "squadid": "Dest-Comercial",
        "squadname": "Destiny Commercial",
        "name": "Jorge Navarro"
    },
    {
        "email": "lgarridz@corp.vodafone.es",
        "squadid": "Dest-Comercial",
        "squadname": "Destiny Commercial",
        "name": "Luis Garrido"
    },
    {
        "email": "palvar30@corp.vodafone.es",
        "squadid": "Dest-Comercial",
        "squadname": "Destiny Commercial",
        "name": "Pablo \u00b5lvarez"
    },
    {
        "email": "pgonza52@corp.vodafone.es",
        "squadid": "Dest-Comercial",
        "squadname": "Destiny Commercial",
        "name": "Pedro Gonzalez"
    },
    {
        "email": "vgallegg@corp.vodafone.es",
        "squadid": "Dest-Comercial",
        "squadname": "Destiny Commercial",
        "name": "Victor Gallego"
    },
    {
        "email": "mpueyol@corp.vodafone.es",
        "squadid": "Dest-Comercial",
        "squadname": "Destiny Commercial",
        "name": "Mario Pueyo Lucas"
    },
    {
        "email": "david.rodriguez2@vodafone.com",
        "squadid": "Dest-Comercial",
        "squadname": "Destiny Commercial",
        "name": "David Rodr\u00a1guez Garc\u00a1a"
    },
    {
        "email": "flopezrb@corp.vodafone.es",
        "squadid": "Dest-Comercial",
        "squadname": "Destiny Commercial",
        "name": "Fernando Lopez"
    },
    {
        "email": "jginera@corp.vodafone.es",
        "squadid": "Dest-Comercial",
        "squadname": "Destiny Commercial",
        "name": "Javier Giner"
    },
    {
        "email": "arodr252@corp.vodafone.es",
        "squadid": "Dest-Comercial",
        "squadname": "Destiny Commercial",
        "name": "Antonio Rodr\u00a1guez"
    },
    {
        "email": "victor.berezo@neoris.com",
        "squadid": "Dest-Comercial",
        "squadname": "Destiny Commercial",
        "name": "Victor Berezo"
    },
    {
        "email": "victor.berezo@neoris.com",
        "squadid": "Dest-Comercial",
        "squadname": "Destiny Commercial",
        "name": "Virginia Martinez"
    },
    {
        "email": "ldesous1@corp.vodafone.es",
        "squadid": "Dracarys",
        "squadname": "Dracarys",
        "name": "Lina de Sousa"
    },
    {
        "email": "aortizra@corp.vodafone.es",
        "squadid": "Dracarys",
        "squadname": "Dracarys",
        "name": "Adriana Ortiz"
    },
    {
        "email": "ngperez3@corp.vodafone.es",
        "squadid": "Dracarys",
        "squadname": "Dracarys",
        "name": "Nuria Garcia Perez de Ayala"
    },
    {
        "email": "evierag@corp.vodafone.es",
        "squadid": "Dracarys",
        "squadname": "Dracarys",
        "name": "Elena Viera"
    },
    {
        "email": "emoyaru@corp.vodafone.es",
        "squadid": "Dracarys",
        "squadname": "Dracarys",
        "name": "Estefania Moya"
    },
    {
        "email": "isabel.vonberckheim@vodafone.com",
        "squadid": "Dracarys",
        "squadname": "Dracarys",
        "name": "Isabel Von Berckheim"
    },
    {
        "email": "arodr006@corp.vodafone.com",
        "squadid": "Dracarys",
        "squadname": "Dracarys",
        "name": "Aitor Rodr\u00a1guez"
    },
    {
        "email": "yolanda.fernandez@vodafone.com",
        "squadid": "Dracarys",
        "squadname": "Dracarys",
        "name": "Yolanda Fern\u00a0ndez"
    },
    {
        "email": "mgomezsy@corp.vodafone.com",
        "squadid": "Dracarys",
        "squadname": "Dracarys",
        "name": "Manuel G\u00a2mez"
    },
    {
        "email": "asanc124@corp.vodafone.com",
        "squadid": "Dracarys",
        "squadname": "Dracarys",
        "name": "Adri\u00a0n S\u00a0nchez"
    },
    {
        "email": "dcolina3@corp.vodafone.com",
        "squadid": "Dracarys",
        "squadname": "Dracarys",
        "name": "Daniel Colina"
    },
    {
        "email": "datezar@corp.vodafone.es",
        "squadid": "Dracarys",
        "squadname": "Dracarys",
        "name": "David Ateza Rubio"
    },
    {
        "email": "vvalles2@corp.vodafone.es",
        "squadid": "Dracarys",
        "squadname": "Dracarys",
        "name": "Victor Manuel Valle"
    },
    {
        "email": "mponcea1@corp.vodafone.es",
        "squadid": "Dracarys",
        "squadname": "Dracarys",
        "name": "Miguel Ponce Antolin"
    },
    {
        "email": "sergio.torres1@vodafone.com",
        "squadid": "Dracarys",
        "squadname": "Dracarys",
        "name": "Sergio Torres"
    },
    {
        "email": "marta.asencio@vodafone.com",
        "squadid": "Dracarys",
        "squadname": "Dracarys",
        "name": "Marta Asencio"
    },
    {
        "email": "rmarqu16@corp.vodafone.com",
        "squadid": "Dracarys",
        "squadname": "Dracarys",
        "name": "Rafael M\u00a0rquez"
    },
    {
        "email": "mario.mesonero@vodafone.com",
        "squadid": "Always-On-Customer",
        "squadname": "Always on Customer",
        "name": "Mario Mesonero "
    },
    {
        "email": "cristina.sanchez@vodafone.com",
        "squadid": "Always-On-Customer",
        "squadname": "Always on Customer",
        "name": "Cristina Sanchez "
    },
    {
        "email": "rafael.garcia8@vodafone.com",
        "squadid": "Always-On-Customer",
        "squadname": "Always on Customer",
        "name": "Rafael Garc\u00a1a"
    },
    {
        "email": "miguel.ortega@vodafone.com",
        "squadid": "Always-On-Customer",
        "squadname": "Always on Customer",
        "name": "Miguel Ortega"
    },
    {
        "email": "marta.pastor@vodafone.com",
        "squadid": "Always-On-Customer",
        "squadname": "Always on Customer",
        "name": "Marta Pastor"
    },
    {
        "email": "yamillmiguelina.canario@vodafone.com",
        "squadid": "Always-On-Customer",
        "squadname": "Always on Customer",
        "name": "Yamill Canario"
    },
    {
        "email": "iruizac@corp.vodafone.es",
        "squadid": "Always-On-Customer",
        "squadname": "Always on Customer",
        "name": "I\u00a4aki Ruiz"
    },
    {
        "email": "jgamarr3@corp.vodafone.es",
        "squadid": "Always-On-Customer",
        "squadname": "Always on Customer",
        "name": "Javier Gamarra"
    },
    {
        "email": "vjuarez1@corp.vodafone.es",
        "squadid": "Always-On-Customer",
        "squadname": "Always on Customer",
        "name": "Victor"
    },
    {
        "email": "jcompte2@corp.vodafone.es",
        "squadid": "Always-On-Customer",
        "squadname": "Always on Customer",
        "name": "Javier"
    },
    {
        "email": "acontr43@corp.vodafone.es",
        "squadid": "Always-On-Customer",
        "squadname": "Always on Customer",
        "name": "Abigail"
    },
    {
        "email": "rpauner@corp.vodafone.es",
        "squadid": "Always-On-Customer",
        "squadname": "Always on Customer",
        "name": "Raquel"
    },
    {
        "email": "rmodhaw@corp.vodafone.es",
        "squadid": "Always-On-Customer",
        "squadname": "Always on Customer",
        "name": "Ranjit Modhawadia"
    },
    {
        "email": "mlieban2@corp.vodafone.es",
        "squadid": "Always-On-Customer",
        "squadname": "Always on Customer",
        "name": "Miguel Liebana"
    },
    {
        "email": "pablo.ramos@vodafone.com",
        "squadid": "SOHO",
        "squadname": "SOHO - Digital Agent",
        "name": "Pablo Ramos"
    },
    {
        "email": "antonioleandro.ramos@vodafone.com",
        "squadid": "SOHO",
        "squadname": "SOHO - Digital Agent",
        "name": "Antonio Ramos"
    },
    {
        "email": "alejandro.maria@vodafone.com",
        "squadid": "SOHO",
        "squadname": "SOHO - Digital Agent",
        "name": "Alejandro Santamar\u00a1a"
    },
    {
        "email": "jose.pardo1@vodafone.com",
        "squadid": "SOHO",
        "squadname": "SOHO - Digital Agent",
        "name": "Jos\u201a Ignacio Pardo"
    },
    {
        "email": "olga.revilla@vodafone.com",
        "squadid": "SOHO",
        "squadname": "SOHO - Digital Agent",
        "name": "Olga Revilla"
    },
    {
        "email": "carlos.fidalgo@vodafone.com",
        "squadid": "ADC",
        "squadname": "ADC",
        "name": "Carlos Fidalgo"
    },
    {
        "email": "soledad.garcia@vodafone.com",
        "squadid": "ADC",
        "squadname": "ADC",
        "name": "Soledad Garc\u00a1a"
    },
    {
        "email": "patricia.montolio@vodafone.com",
        "squadid": "ADC",
        "squadname": "ADC",
        "name": "Patricia Montolio"
    },
    {
        "email": "sergio.fernandez1@vodafone.com",
        "squadid": "ADC",
        "squadname": "ADC",
        "name": "Sergio Fern\u00a0ndez"
    },
    {
        "email": "cristina.carreras@vodafone.com",
        "squadid": "ADC",
        "squadname": "ADC",
        "name": "Cristina Carreras"
    },
    {
        "email": "maria.puig1@vodafone.com",
        "squadid": "ADC",
        "squadname": "ADC",
        "name": "Mar\u00a1a Puig"
    },
    {
        "email": "susana.cid@vodafone.com",
        "squadid": "ADC",
        "squadname": "ADC",
        "name": "Susana Cid"
    },
    {
        "email": "carmen.cuesta@vodafone.com",
        "squadid": "ADC",
        "squadname": "ADC",
        "name": "Carmen Cuesta"
    },
    {
        "email": "sscapil1@corp.vodafone.es",
        "squadid": "ADC",
        "squadname": "ADC",
        "name": "Sergio S\u00a0nchez-Camacho"
    },
    {
        "email": "dnoguer@corp.vodafone.es",
        "squadid": "ADC",
        "squadname": "ADC",
        "name": "Daniel Noguerol"
    },
    {
        "email": "lsaavedp@corp.vodafone.es",
        "squadid": "ADC",
        "squadname": "ADC",
        "name": "Lucas Saavedra"
    },
    {
        "email": "gperezf4@corp.vodafone.es",
        "squadid": "ADC",
        "squadname": "ADC",
        "name": "Gonzalo P\u201arez"
    },
    {
        "email": "svilano1@corp.vodafone.es",
        "squadid": "ADC",
        "squadname": "ADC",
        "name": "Silvia Vilanova"
    },
    {
        "email": "framirey@corp.vodafone.es",
        "squadid": "AM",
        "squadname": "AM",
        "name": ""
    },
    {
        "email": "dcalder1@corp.vodafone.es",
        "squadid": "AM",
        "squadname": "AM",
        "name": ""
    },
    {
        "email": "fromer29@corp.vodafone.es",
        "squadid": "AM",
        "squadname": "AM",
        "name": ""
    },
    {
        "email": "ifontji@corp.vodafone.es",
        "squadid": "AM",
        "squadname": "AM",
        "name": ""
    },
    {
        "email": "mmoral82@corp.vodafone.es",
        "squadid": "AM",
        "squadname": "AM",
        "name": ""
    },
    {
        "email": "amoranp@corp.vodafone.es",
        "squadid": "AM",
        "squadname": "AM",
        "name": ""
    },
    {
        "email": "jbenite5@corp.vodafone.es",
        "squadid": "AM",
        "squadname": "AM",
        "name": ""
    },
    {
        "email": "mohamed.khalifa3@vodafone.com",
        "squadid": "AM",
        "squadname": "AM",
        "name": "Mohamed Mokhtar Khalifa"
    },
    {
        "email": "ahmed.shady1@vodafone.com",
        "squadid": "AM",
        "squadname": "AM",
        "name": "Ahmed Shady"
    },
    {
        "email": "amr-allam@vodafone.com",
        "squadid": "AM",
        "squadname": "AM",
        "name": "Amr Allam"
    },
    {
        "email": "fouad.elshazly1@vodafone.com",
        "squadid": "AM",
        "squadname": "AM",
        "name": "Fouad elShazly"
    },
    {
        "email": "Sherif.mohamed3@vodafone.com",
        "squadid": "AM",
        "squadname": "AM",
        "name": "Sherif Mostafa"
    },
    {
        "email": "Wafaa.ali1@vodafone.com",
        "squadid": "AM",
        "squadname": "AM",
        "name": "Wafaa NourElDin"
    },
    {
        "email": "Khaled.aboelnour@vodafone.com",
        "squadid": "AM",
        "squadname": "AM",
        "name": "Khaled"
    },
    {
        "email": "islam.ezzat3@vodafone.com",
        "squadid": "AM",
        "squadname": "AM",
        "name": "Islam Ezzat"
    },
    {
        "email": "alaa.gamal1@vodafone.com",
        "squadid": "AM",
        "squadname": "AM",
        "name": "Alaa"
    },
    {
        "email": "asmaa.hamed@vodafone.com",
        "squadid": "AM",
        "squadname": "AM",
        "name": "Asmaa"
    },
    {
        "email": "mohamed.khaled1@vodafone.com",
        "squadid": "AM",
        "squadname": "AM",
        "name": "Mohamed Khaled"
    },
    {
        "email": "manuel.canete@vodafone.com",
        "squadid": "Integracion",
        "squadname": "Integracion",
        "name": "Manuel Canete"
    },
    {
        "email": "sergio-luis.curiel@vodafone.com",
        "squadid": "Integracion",
        "squadname": "Integracion",
        "name": "Serguio Luis Curiel"
    },
    {
        "email": "jose-luis.lorenzo@vodafone.com",
        "squadid": "Integracion",
        "squadname": "Integracion",
        "name": "Jose Luis Lorenzo"
    },
    {
        "email": "daniel.martinez@vodafone.com ",
        "squadid": "Integracion",
        "squadname": "Integracion",
        "name": "Daniel Mart\u00a1nez"
    },
    {
        "email": "luis.monge1@vodafone.com",
        "squadid": "Integracion",
        "squadname": "Integracion",
        "name": "Luis Monge"
    },
    {
        "email": "tamarys.munoz@vodafone.com",
        "squadid": "Integracion",
        "squadname": "Integracion",
        "name": "Tamarys Mu\u00a4oz"
    },
    {
        "email": "jorgeluis.parres@vodafone.com",
        "squadid": "Integracion",
        "squadname": "Integracion",
        "name": "Jorge Luis Parres"
    },
    {
        "email": "carlos.prados@vodafone.com",
        "squadid": "Integracion",
        "squadname": "Integracion",
        "name": "Carlos Prados"
    },
    {
        "email": "jose.rodriguez2@vodafone.com",
        "squadid": "Integracion",
        "squadname": "Integracion",
        "name": "Jose Rodriguez"
    },
    {
        "email": "geancarlo.salvador@vodafone.com",
        "squadid": "Integracion",
        "squadname": "Integracion",
        "name": "Geancarlo Salvador"
    },
    {
        "email": "mario.sevillano@vodafone.com",
        "squadid": "Integracion",
        "squadname": "Integracion",
        "name": "Mario Sevillano"
    },
    {
        "email": "guillermo.tejedor@vodafone.com",
        "squadid": "Integracion",
        "squadname": "Integracion",
        "name": "Guillermo Tejedor"
    },
    {
        "email": "carlos.prados@vodafone.com",
        "squadid": "DXL",
        "squadname": "DXL",
        "name": "Carlos Prados"
    },
    {
        "email": "alberto.mozo@vodafone.com",
        "squadid": "DXL",
        "squadname": "DXL",
        "name": "Alberto Mozo"
    },
    {
        "email": "smart118@corp.vodafone.es",
        "squadid": "DXL",
        "squadname": "DXL",
        "name": "Sergio Martinez Infante"
    },
    {
        "email": "ggarc111@corp.vodafone.es",
        "squadid": "DXL",
        "squadname": "DXL",
        "name": "Gorka Garc\u00a1a"
    },
    {
        "email": "iperezf6@corp.vodafone.es",
        "squadid": "DXL",
        "squadname": "DXL",
        "name": "Indira P\u201arez"
    },
    {
        "email": "jlagunaa@corp.vodafone.es",
        "squadid": "DXL",
        "squadname": "DXL",
        "name": "Javier Laguna"
    },
    {
        "email": "jrigles1@corp.vodafone.es",
        "squadid": "DXL",
        "squadname": "DXL",
        "name": "Jorge Iglesias"
    },
    {
        "email": "palvar30@corp.vodafone.es",
        "squadid": "DXL",
        "squadname": "DXL",
        "name": "Pablo \u00b5lvarez"
    },
    {
        "email": "alopezfs@corp.vodafone.es",
        "squadid": "DXL",
        "squadname": "DXL",
        "name": "Antonio L\u00a2pez"
    },
    {
        "email": "rgilrod@corp.vodafone.es",
        "squadid": "DXL",
        "squadname": "DXL",
        "name": "Ram\u00a2n Gil"
    },
    {
        "email": "jmonte66@corp.vodafone.es",
        "squadid": "DXL",
        "squadname": "DXL",
        "name": "Jos\u201a Montesinos"
    },
    {
        "email": "avidald2@corp.vodafone.es",
        "squadid": "DXL",
        "squadname": "DXL",
        "name": "Adr\u00a1an Vidal"
    },
    {
        "email": "ahern100@corp.vodafone.es",
        "squadid": "DXL",
        "squadname": "DXL",
        "name": "Alberto Hern\u00a0ndez"
    },
    {
        "email": "francisco.gazopo@vodafone.com",
        "squadid": "DXL",
        "squadname": "DXL",
        "name": "Franciso Gazopo"
    },
    {
        "email": "rfreire3@corp.vodafone.es",
        "squadid": "DXL",
        "squadname": "DXL",
        "name": "Rub\u201an Freire"
    },
    {
        "email": "ivan.castaner@vodafone.com",
        "squadid": "DXL",
        "squadname": "DXL",
        "name": "Iv\u00a0n Casta\u00a4er"
    },
    {
        "email": "juanpablo.gavagnin@vodafone.com",
        "squadid": "DevOps",
        "squadname": "DevOps",
        "name": "Juan Pablo Toledo Gavagnin"
    },
    {
        "email": "fgentod@corp.vodafone.es",
        "squadid": "DevOps",
        "squadname": "DevOps",
        "name": "Fernando Gento de Celis"
    },
    {
        "email": "mjime138@vodafone.com",
        "squadid": "DevOps",
        "squadname": "DevOps",
        "name": "Manuel Jimenez Pena"
    }
]